,Unnamed: 0,주차장명,도로명주소,완속충전기수,운영시간,"요금(유료=1, 무료=0)",전체충전기수,1시(이용량),3시,5시,7시,9시,11시,13시,15시,17시,19시,21시,23시,cell_xcrd,cell_ycrd
0,0,기흥ICT밸리 A동 전기차충전소,경기 용인시 기흥구 기흥로 58-1,12,9,1,12,0,0,0,0,0,0,0,0,1,1,0,0,127.1193559,37.28002299
3,3,이케아 기흥점 전기차충전소,경기 용인시 기흥구 신고매로 62 P1주차장,7,24,1,8,0,0,0,0,0,0,0,0,0,0,0,0,127.1161827,37.22262615
4,4,모현면사무소 전기차충전소,경기 용인시 처인구 모현읍 독점로 31-6,0,24,1,1,0,0,0,0,1,1,0,0,0,0,0,0,127.2423619,37.32953302
5,5,고영테크놀러지 RnD센터 전기차충전소,경기 용인시 수지구 포은대로59번길 18,10,9,1,13,0,0,0,0,0,0,0,0,0,0,0,0,127.066816,37.30118445
6,6,용인시 여성회관 주차장 전기차충전소,경기 용인시 수지구 문정로7번길 7 지하1층,0,24,1,1,0,0,0,0,0,0,0,0,0,0,0,1,127.0961545,37.32103261
7,7,에버랜드 셔틀버스 승강장 전기차충전소,경기 용인시 처인구 포곡읍 전대리 210-8,0,24,1,8,0,0,0,0,0,3.2,0,1.6,1.6,1.6,0,0,127.2200928,37.2870218
8,8,용인시 서그내마을SK뷰아파트 전기차충전소,경기 용인시 기흥구 예현로 15,5,24,1,5,1,1,0,0,1,1,1,0,2,2,0,0,127.0730358,37.24440584
9,9,상현마을쌍용2차아파트 전기차충전소,경기 용인시 수지구 상현로 30-6,9,24,1,9,1.285714286,1.285714286,1.285714286,1.285714286,1.285714286,0,0,0,0,0,2.571428571,2.571428571,127.0772345,37.3018802
11,11,성동마을수지자이1차아파트1 전기차충전소,경기 용인시 수지구 성복2로 174,3,24,1,3,1,0,0,0,1,0,0,0,0,0,0,1,127.0689812,37.32150244
12,12,효성빌라 전기차충전소,경기 용인시 기흥구 언남로29번길 40,3,24,1,3,2,2,2,1,0,0,0,0,0,0,1,1,127.13033,37.29665926
14,14,상현마을성원상떼빌3차아파트 전기차충전소,경기 용인시 수지구 상현로 30-10,11,24,1,16,8,8,8,6,0,0,2,2,1,1,6,7,127.077,37.30053817
15,15,기아차 오산교육센터 전기차충전소,경기 용인시 처인구 남사읍 처인성로 57,0,24,1,3,0,0,0,0,0,0,0,0,0,0,0,0,127.1379363,37.11097501
17,17,죽전휴게소(서울방향) 전기차충전소,경기 용인시 수지구 경부고속도로 400,0,24,1,4,1,2,0,1,2,4,1,3,2,2,2,0,127.1048554,37.33259222
18,18,에버랜드 홈브리지 캐빈호스텔 전기차충전소,경기 용인시 처인구 포곡읍 에버랜드로 199,0,11,1,1,0,0,0,0,0,0,0,0,0,0,0,0,127.202128,37.2940667
19,19,기아오토큐 용인기아서비스 전기차충전소,경기 용인시 처인구 양지면 양지로 91,0,24,1,1,0,0,0,0,1,1,1,0,0,0,0,0,127.2782913,37.2340486
20,20,에버랜드 셔틀버스 주차장 전기차충전소,경기 용인시 처인구 포곡읍 전대리 210-16,6,24,1,6,0,0,0,0,0,0,0,0,0,0,0,0,127.2178189,37.28736299
21,21,성북역서희스타힐스아파트 2 전기차충전소,경기 용인시 수지구 성복1로 80,2,24,1,2,1,1,1,1,1,0,0,0,1,1,0,0,127.071268,37.31567266
22,22,공세대주피오레2단지 전기차충전소,경기 용인시 기흥구 탑실로 152 305주차장 202동쪽 지하 2층 C44번 기둥 주변,9,24,1,10,7,8,8,7,6,4,3,3,2,2,2,3,127.1209312,37.24385176
24,24,동부센트러빌아파트 전기차충전소,경기 용인시 기흥구 구성로 99 102동 지하 1층 계단 주변,6,24,1,6,2,3,3,3,2,2,1,1,0,0,1,2,127.1208683,37.29488335
25,25,용인시 용인중앙시장제1공영주차장,경기 용인시 처인구 금령로71번길 12-29,0,24,1,1,0,0,0,0,0,0,0,0,0,0,0,0,127.2052506,37.23663279
27,27,용인 더숨포레스트 전기차충전소,경기 용인시 처인구 포곡읍 성산로 633,2,24,1,2,1,1,1,1,1,1,1,1,1,1,1,1,127.2078735,37.28713147
28,28,파크존 스크린골프장 전기차충전소,경기 용인시 수지구 신봉1로 313-4,2,9,1,2,1,0,0,0,1,0,0,0,0,0,0,0,127.0548682,37.332001
29,29,한국민속촌 주차장 전기차충전소,경기 용인시 기흥구 민속촌로 93,5,9,1,8,3,3,3,3,5,4,8,7,4,4,2,6,127.114696,37.25720972
30,30,롯데프리미엄아울렛 기흥점 테슬라전용,경기 용인시 기흥구 신고매로 124,0,24,1,0,6,6,6,6,6,6,6,6,6,6,6,6,127.1209127,37.22537006
31,31,연원마을벽산아파트1 전기차충전소,경기 용인시 기흥구 연원로42번길 2,0,24,1,1,1,1,1,0,0,1,1,0,0,0,1,1,127.1113789,37.30044197
32,32,죽전건영캐스빌아파트 전기차충전소,경기 용인시 수지구 죽전로 267 제2주차장 지하2층 전기실 앞,0,24,1,2,0,0,0,0,0,0,0,0,0,0,0,0,127.1260663,37.33495339
33,33,용인휴게소 인천방향 전기차충전소,경기 용인시 처인구 주북로 66-14,0,24,1,2,1,1,1,1,1,1,1,1,1,1,1,1,127.2383059,37.24836239
34,34,이편한세상용인한숲시티6단지 전기차충전소,경기 용인시 처인구 남사읍 한숲로 84,8,24,1,8,3,2,0,0,0,1,0,1,2,2,6,6,127.1736563,37.15610907
35,35,나인무인텔 전기차충전소,경기 용인시 처인구 원삼면 좌찬로 142,2,24,1,2,0,0,0,0,0,0,0,0,0,0,0,0,127.3204022,37.20829086
36,36,신봉마을동일하이빌3단지아파트4,경기 용인시 수지구 신봉3로 25,3,24,1,3,2,1,1,1,0,1,0,0,0,0,0,1,127.064895,37.32656198
37,37,녹십자홀딩스 전기차충전소,경기 용인시 기흥구 이현로30번길 107 지하 주차장 전기실 부근,4,24,1,4,0,0,0,0,0,0,0,0,3,3,0,0,127.1004266,37.31777155
38,38,블루원용인CC 전기차충전소,경기 용인시 처인구 원삼면 보개원삼로1534번길 40 주차장,3,24,1,3,0,0,0,0,1,1,0,0,0,0,0,0,127.3259002,37.13417322
39,39,용인구성휴먼시아물푸레마을6단지,경기 용인시 기흥구 구성로 475,5,24,1,5,4,4,4,4,3,3,1,1,0,0,0,0,127.1535797,37.29547724
40,40,한국델파이 전기차충전소,경기 용인시 기흥구 용구대로 2302,0,24,1,1,1,1,1,1,1,1,1,0,1,1,0,0,127.1118257,37.29185962
42,42,백암면사무소 전기차충전소,경기 용인시 처인구 백암면 백암로 189 지상1층 주차장,0,24,1,1,0,0,0,0,0,0,1,0,0,0,1,0,127.3753789,37.16340683
43,43,금호어울림아파트 전기차충전소,경기 용인시 처인구 금령로13번길 13,7,24,1,7,2.333333333,2.333333333,2.333333333,2.333333333,1.166666667,0,1.166666667,1.166666667,0,0,3.5,4.666666667,127.1977909,37.23660196
44,44,용인동부경찰서 전기차충전소,경기 용인시 처인구 금학로 143,0,24,1,1,0,0,0,0,0,0,0,0,0,0,0,0,127.1804314,37.24155777
45,45,기흥ICT밸리 B동 전기차충전소,경기 용인시 기흥구 기흥로 58,12,9,1,13,1,2,2,2,2,2,2,2,2,2,2,2,127.1179562,37.28056186
46,46,유니버스트윈2차오피스텔 전기차충전소,경기 용인시 처인구 명지로60번길 8-11,0,24,1,1,0,0,0,0,0,0,0,1,0,0,0,0,127.1872947,37.23154686
47,47,수진마을4단지신명스카이뷰아파트,경기 용인시 수지구 손곡로 53,3,24,1,3,0,0,0,0,0,0,0,0,0,0,1,1,127.0962164,37.33593842
48,48,기흥휴게소 부산방향 전기차충전소,경기 용인시 기흥구 공세로 173,0,24,1,2,1,1,1,1,1,1,1,1,1,1,1,1,127.1043162,37.23637672
49,49,삼천리 에버랜드 복합충전소 전기차충전소,경기 용인시 처인구 포곡읍 곡현로 74,0,24,1,5,0,0,0,0,0,0,0,0,1.25,1.25,0,0,127.2226093,37.29327236
50,50,구성동주민센터 전기차충전소,경기 용인시 기흥구 구성로77번길 17,0,24,1,2,1,2,2,2,2,2,2,2,2,2,2,2,127.1189815,37.29676402
51,51,수지자이2차아파트 2 전기차충전소,경기 용인시 수지구 성복2로 184,2,24,1,2,0,0,0,0,0,0,0,0,1,1,1,1,127.0673642,37.31911834
53,53,동원로얄듀크,경기 용인시 기흥구 죽현로 12,10,24,1,0,13,13,13,13,13,13,13,13,13,13,13,13,127.1112254,37.31930861
54,54,용인실내체육관 전기차충전소,경기 용인시 처인구 경안천로 76,0,24,1,2,1,1,1,1,1,1,1,1,1,1,1,1,127.2135865,37.23853809
55,55,신봉동부센트레빌6단지아파트 전기차충전소,경기 용인시 수지구 신봉1로 216 지하2층 22,2,24,1,2,1,1,1,1,1,1,1,1,1,1,1,1,127.0649217,37.33318203
56,56,수지동문굿모닝힐5차아파트 전기차충전소,경기 용인시 수지구 동천로 64 501동~515동,13,24,1,13,5.2,2.6,0,0,0,0,0,2.6,4.333333333,4.333333333,2.6,2.6,127.0982987,37.34097275
57,57,용인 청안빌라 전기차충전소,경기 용인시 수지구 현암로89번길 18-14,0,9,1,1,0,0,0,0,0,0,0,0,0,0,0,0,127.1191663,37.33256506
58,58,성복역 롯데캐슬파크나인 1차아파트,경기 용인시 수지구 성복1로 13,19,9,1,22,2.235294118,2.235294118,1.117647059,1.117647059,1.117647059,1.117647059,1.117647059,1.117647059,1.117647059,1.117647059,3.352941176,3.352941176,127.0737914,37.31087419
59,59,워시홀릭 전기차충전소,경기 용인시 기흥구 보정동 375-11,0,24,1,4,0,0,0,1,2,0,2,2,2,2,2,2,127.1055203,37.32091785
60,60,상현마을쌍용아파트A단지 3 전기차충전소,경기 용인시 수지구 상현로 27,2,24,1,2,0,0,0,0,0,0,0,0,0,0,0,0,127.0765339,37.30340079
61,61,신봉동부센트레빌1단지 전기차충전소,경기 용인시 수지구 신봉1로172번길 8,5,24,1,5,1,1,1,1,1,0,0,0,0,0,0,0,127.0696482,37.32878654
62,62,수지센트럴아이파크아파크 전기차충전소,경기 용인시 수지구 상현로 101,0,24,1,1,0,0,0,0,0,0,0,0,0,0,0,0,127.0833161,37.30762081
63,63,자봉마을써니밸리아파트4 전기차충전소,경기 용인시 기흥구 사은로 274-22,2,24,1,2,2,2,0,0,0,0,0,0,0,0,0,2,127.1342596,37.2507075
64,64,이마트 죽전점 전기차충전소,경기 용인시 수지구 포은대로 552 지상6층 주차장 B구역,0,12,1,12,3,1,1,0,0,2,2,0,0,0,0,1,127.1099743,37.32533399
65,65,수지보원아파트105동 전기차충전소,경기 용인시 수지구 수풍로 16,2,24,1,2,0,0,0,0,0,0,0,0,1,1,0,0,127.0911935,37.32611746
66,66,현대자동차 마북캠퍼스 전기차충전소,경기 용인시 기흥구 마북로240번길 17-4,2,24,1,2,0,0,0,0,0,0,0,0,0,0,0,0,127.1400782,37.31138203
67,67,하늘채아파트 전기차충전소,경기 용인시 기흥구 강남동로 20,6,24,1,6,3.6,3.6,3.6,4.8,4.8,2.4,0,0,0,0,1.2,2.4,127.1279392,37.2697555
68,68,신봉동일하이빌2단지204동 전기차충전소,경기 용인시 수지구 신봉3로11번길 10-7,2,24,1,2,0,0,0,0,0,0,0,0,0,0,0,0,127.0675946,37.32609211
69,69,동부동주민센터 전기차충전소,경기 용인시 처인구 마평동 533-8,0,24,1,1,0.5,0.5,0.5,0.5,0.5,0.5,0.5,0.5,0.5,0.5,0.5,0.5,127.2191469,37.23285171
70,70,동백동주민센터 전기차충전소,경기 용인시 기흥구 동백중앙로 214 지하2층 주차장 벽면,0,24,1,1,0,0,0,0,1,0,1,0,0,0,1,0,127.1516873,37.27253257
71,71,상하동진흥더루벤스2단지아파트 전기차충전소,경기 용인시 기흥구 중부대로746번길 21,4,24,1,5,3,4,5,4,3,2,2,2,2,2,3,3,127.1380702,37.26048493
72,72,자연앤스위첸아파트 전기차충전소,경기 용인시 기흥구 흥덕2로117번길 14,4,24,1,4,1,1,0,0,0,0,0,0,1,1,1,0,127.0724204,37.27900057
73,73,삼성래미안이스트팰리스4차아파트,경기 용인시 수지구 동천로153번길 6,5,24,1,5,3,0,0,0,0,0,0,1,1,1,2,3,127.0864477,37.33645603
74,74,용인시기흥역센트럴푸르지오 전기차충전소,"경기 용인시 기흥구 기흥역로58번길 10 205동,206동 지하1층",5,24,1,5,2,0,0,0,1,0,0,0,1,1,0,1,127.1190297,37.2739932
75,75,이편한세상 용인한숲시티2단지1 전기차충전소,경기 용인시 처인구 남사읍 한숲로 137,2,24,1,2,0,0,0,0,0,0,0,0,0,0,0,0,127.1739486,37.16135541
76,76,도현마을현대아파트 전기차충전소,경기 용인시 기흥구 구갈로 115-16,10,24,1,10,0,0,0,0,0,0,0,0,0,0,0,1,127.1090268,37.28553181
77,77,운학동예비군훈련장 전기차충전소,경기 용인시 처인구 묵동로 73-1,0,24,1,4,0,0,0,0,0,0,2,2,2,2,0,0,127.2385587,37.21491644
78,78,모현다목적복지회관 전기차충전소,경기 용인시 처인구 모현읍 일산리 554-13,0,24,1,1,0.5,0.5,0.5,0.5,0.5,0.5,0.5,0.5,0.5,0.5,0.5,0.5,127.2311031,37.34232781
79,79,기흥동부아파트 전기차충전소,경기 용인시 기흥구 구갈로28번길 32,3,24,1,3,0,0,0,0,0,0,0,1,0,0,1,1,127.1152506,37.27645858
80,80,용인백현마을 경남아너스빌 전기차충전소,경기 용인시 기흥구 동백8로131번길 9,6,12,1,6,2,2,2,2,1,1,1,1,1,1,2,2,127.1644425,37.28285803
81,81,신동아파밀리에 전기차충전소,경기 용인시 기흥구 흥덕3로 20,5,24,1,3,1.5,1.5,1.5,1.5,1.5,1.5,1.5,1.5,1.5,1.5,1.5,1.5,127.0838352,37.27164352
82,82,용인시기후변화체험교육센터 전기차충전소,경기 용인시 처인구 동부로162번길 14 지상1층 주차장,0,24,1,1,0,0,0,0,0,0,0,0,0,0,1,1,127.2228402,37.222622
83,83,신정마을9단지 902동 전기차충전소,경기 용인시 수지구 풍덕천로 76 제1주차장 902동쪽,2,24,1,2,2,2,2,2,0,0,0,1,0,0,0,1,127.090878,37.31997473
84,84,용인 만현마을2단지아이파크아파트,경기 용인시 수지구 만현로67번길 9,7,24,1,7,3,3,3,3,3,1,1,1,0,0,3,6,127.0878811,37.30949175
85,85,양지면사무소 전기차충전소,경기 용인시 처인구 양지면 양지로105번길 5,0,24,1,1,0.5,0.5,0.5,0.5,0.5,0.5,0.5,0.5,0.5,0.5,0.5,0.5,127.2798389,37.2354869
86,86,현대블루핸즈 구성서비스 전기차충전소,경기 용인시 기흥구 중동 1112-8,0,24,1,1,1,1,1,1,0,0,0,0,0,0,0,1,127.1428125,37.2827905
87,87,모현농협 하나로마트 전기차충전소,경기 용인시 처인구 모현읍 백옥대로 2373,0,24,1,2,1,1,1,1,1,1,1,1,1,1,1,1,127.2488191,37.33557156
88,88,용인시 기흥테라타워 전기차충전소,경기 용인시 기흥구 서천로201번길 11 주차장,7,24,1,6,1,1,0,0,0,1,2,1,0,0,0,1,127.0718941,37.23142599
89,89,아르피아주차장 전기차충전소,경기 용인시 수지구 포은대로 499,0,24,1,1,0.5,0.5,0.5,0.5,0.5,0.5,0.5,0.5,0.5,0.5,0.5,0.5,127.1047625,37.32561804
90,90,용인하갈정비소 전기차충전소,경기 용인시 기흥구 용구대로 1845,0,24,1,1,0,0,0,0,0,1,1,0,0,0,1,1,127.1047795,37.25295779
91,91,용인시 롯데프리미엄아울렛기흥점,경기 용인시 기흥구 신고매로 124,5,24,1,5,0,0,0,0,1.25,0,5,5,1.25,1.25,0,0,127.1209127,37.22537006
92,92,한화리조트 용인 베잔송 전기차충전소 (테슬라전용),경기 용인시 처인구 남사읍 봉무로153번길 79,0,24,1,2,1,1,1,1,1,1,1,1,1,1,1,1,127.1469823,37.13362839
94,94,LG빌리지6차아파트601동 전기차충전소,경기 용인시 수지구 성복2로 158,2,24,1,2,0,0,0,0,0,0,0,2,0,0,2,0,127.0708408,37.31913154
95,95,이동읍사무소 전기차충전소,경기 용인시 처인구 이동읍 경기동로 673,0,24,1,1,0.5,0.5,0.5,0.5,0.5,0.5,0.5,0.5,0.5,0.5,0.5,0.5,127.1961973,37.14112038
96,96,제이앤제이카페앤바 전기차충전소,경기 용인시 처인구 양지면 남평로 114,2,24,1,2,0,1,1,0,0,0,0,0,0,0,1,1,127.2952405,37.22631679
97,97,오토허브서비스 전기차충전소,경기 용인시 기흥구 중부대로 242-2,0,24,1,1,0,0,0,0,0,0,0,0,0,0,0,0,127.0917355,37.26757136
98,98,롯데슈퍼 용인점 전기차충전소,경기 용인시 처인구 김량장동 13,0,24,1,1,0.5,0.5,0.5,0.5,0.5,0.5,0.5,0.5,0.5,0.5,0.5,0.5,127.2104885,37.2306357
99,99,용인성복자이2차2 전기차충전소,경기 용인시 수지구 성복2로 251,2,24,1,2,2,2,2,2,0,1,2,0,0,0,1,1,127.0612457,37.31886118
100,100,광교SB타운 전기차충전소,경기 용인시 수지구 광교마을로 54,0,24,1,1,0,0,0,0,0,1,1,1,1,1,0,0,127.0705108,37.29820366
101,101,상갈공영주차장 전기차충전소,경기 용인시 기흥구 금화로105번길 3,0,24,1,1,0.5,0.5,0.5,0.5,0.5,0.5,0.5,0.5,0.5,0.5,0.5,0.5,127.106739,37.26584933
102,102,역삼동행정복지센터 전기차충전소,경기 용인시 처인구 명지로 16,0,9,1,1,0,0,0,0,0,0,0,1,0,0,0,0,127.1881482,37.23455978
103,103,용인성복힐스테이트3차아파트 전기차충전소,경기 용인시 수지구 성복2로 220,4,24,1,4,1,1,1,1,1,1,1,1,2,2,3,1,127.0626463,37.32063629
105,105,수지태영데시앙아파트 전기차충전소,경기 용인시 수지구 수지로 166 지하1층,6,24,1,6,5,6,6,5,6,3,3,1,2,2,3,4,127.0829638,37.3155735
106,106,경기 용인시 처인구 모현읍 오산로13번길 38-34 저압수용가,경기 용인시 처인구 모현읍 오산로13번길 38-34,0,9,1,1,1,1,0,0,0,0,0,0,0,0,0,0,127.1620386,37.3316676
107,107,성동마을수지자이1차아파트 4 전기차충전소,경기 용인시 수지구 성복2로 174,3,24,1,3,2,2,0,0,0,0,0,0,2,2,1,2,127.0689812,37.32150244
108,108,처인구청부설주차장 전기차충전소,경기 용인시 처인구 금령로 50 지상1층 주차장,0,24,1,1,0,0,0,0,0,0,0,0,0,0,0,0,127.2013372,37.23437996
109,109,샬레파인비스타아파트 전기차충전소,경기 용인시 기흥구 진산로 140,3,24,1,3,2,3,3,2,2,2,0,0,0,0,0,2,127.1016971,37.32164599
110,110,마북동주민센터 전기차충전소,경기 용인시 기흥구 마북동 162-4,0,24,1,1,0,0,0,0,0,0,0,0,0,0,1,0,127.1176507,37.30159238
111,111,용인시민체육센터 제2주차장 전기차충전소,경기 용인시 처인구 포곡읍 금어로 317,0,24,1,4,0,0,0,0,1,1,1,0,0,0,0,0,127.2457929,37.27638286
112,112,죽전아이뷰아파트 전기차충전소,경기 용인시 수지구 현암로 3 제1주차장 지하2층,4,24,1,4,1,1,1,0,0,0,0,1,1,1,2,2,127.1102006,37.33253393
113,113,온누리마을아파트 전기차충전소,경기 용인시 처인구 금학로235번길 26 1층 17,0,24,1,1,0.5,0.5,0.5,0.5,0.5,0.5,0.5,0.5,0.5,0.5,0.5,0.5,127.1912995,37.24042207
114,114,양우내안에에듀퍼스트2 전기차충전소,경기 용인시 처인구 경안천로 196-1 202동,2,24,1,2,0,0,0,0,0,0,1,0,0,0,0,0,127.2211929,37.24918797
115,115,용인신촌마을포스홈타운2단지 전기차충전소,경기 용인시 기흥구 신촌로47번길 11 305동 앞 1층주차장,10,24,1,10,1,1,1,0,0,1,1,0,0,0,0,1,127.1087349,37.30863097
116,116,용인 동천역루체스타 전기차충전소,경기 용인시 수지구 신수로783번길 12-1,0,24,1,1,1,1,1,1,0,0,0,0,0,0,1,1,127.1017409,37.34040228
117,117,죽전역월드메르디앙 전기차충전소,경기 용인시 수지구 달맞이로 13,5,24,1,5,2.5,2.5,2.5,2.5,2.5,2.5,2.5,2.5,2.5,2.5,2.5,2.5,127.1126968,37.3264962
118,118,효심의료재단용인서울병원 전기차충전소,경기 용인시 처인구 고림로 81,2,24,1,2,-1,-1,-1,-1,-1,-1,0,0,-1,-1,0,0,127.2144905,37.24031755
119,119,용인흥덕4단지 임차인대표회의 전기차충전소,경기 용인시 기흥구 흥덕2로 42,8,24,1,8,4,4,4,4,4,4,4,4,4,4,4,4,127.0736312,37.27148028
120,120,용인신성아파트 전기차충전소,경기 용인시 처인구 명지로 5,5,24,1,6,2,1,1,0,-1,-1,-1,-1,-1,-1,1,1,127.189219,37.23553427
121,121,한국소방산업기술원 전기차충전소,경기 용인시 기흥구 지삼로 331,0,10,1,4,1,0,0,0,0,0,0,0,1,1,0,1,127.1454449,37.23543402
122,122,삼성화재교통박물관 전기차충전소,경기 용인시 처인구 포곡읍 에버랜드로376번길 171 박물관뒷편 주차장,7,9,1,9,0,0,0,0,0,0,0,3,0,0,0,0,127.2169538,37.30037229
123,123,한보라마을휴먼시아5단지 2주차장,경기 용인시 기흥구 한보라1로43번길 22,2,24,1,2,0,0,0,0,0,0,0,0,0,0,1,0,127.1107225,37.24912934
124,124,수지센트럴아이파크6주차장 전기차충전소,경기 용인시 수지구 상현로 101,2,24,1,2,1,1,1,1,0,0,0,0,0,0,0,0,127.0833161,37.30762081
125,125,지산리조트 전기차충전소,경기 용인시 처인구 원삼면 죽양대로2000번길 60,2,24,1,2,0,0,0,0,0,0,0,0,0,0,0,0,127.3358449,37.20987573
126,126,삼성전자 기흥캠퍼스 전기차충전소,경기 용인시 기흥구 삼성로 1,20,9,1,21,1.25,1.25,1.25,1.25,3.75,3.75,2.5,1.25,3.75,3.75,1.25,2.5,127.0877637,37.22694447
127,127,수지벽산1단지아파트 전기차충전소,경기 용인시 수지구 용구대로2771번길 68,5,24,1,5,1,2,2,2,2,0,0,0,0,0,1,2,127.1068422,37.33641369
128,128,새터마을죽전힐스테이트 전기차충전소,경기 용인시 수지구 죽전로 267 708동A 지하2층,0,24,1,2,0,0,2,2,1,0,0,0,1,1,1,0,127.1260663,37.33495339
129,129,한국전기 전기차충전소,경기 용인시 수지구 고기로 203,2,24,1,2,0,0,0,0,0,0,0,0,0,0,0,0,127.0832797,37.35113256
130,130,용인시청 신봉동주민센터 전기차충전소,경기 용인시 수지구 수지로 215,0,24,1,1,0,0,0,0,0,0,0,0,0,0,0,0,127.0836395,37.32066575
132,132,수지파크푸르지오아파트 전기차충전소,"경기 용인시 수지구 풍덕천로171번길 9 지하1층 6대, 102동 3대, 103동 3대",6,24,1,6,3,3,3,3,3,3,2,1,0,0,1,1,127.0992444,37.32682901
134,134,죽현마을아이파크1차2주차장 전기차충전소,경기 용인시 기흥구 보정로 87,3,24,1,3,0,0,0,0,0,0,0,0,1,1,2,1,127.113298,37.31744114
135,135,원대마을한신아파트 전기차충전소,경기 용인시 기흥구 신갈로 102,4,24,1,4,1,1,1,1,1,1,1,1,1,1,1,2,127.1067741,37.27605205
136,136,광교산한양수자인더킨포크 전기차충전소,경기 용인시 수지구 태봉로 17,2,24,1,2,1,2,1,0,0,0,0,0,1,1,1,2,127.0574445,37.33466485
137,137,기흥도서관 전기차충전소,경기 용인시 기흥구 기흥로116번길 10 지하1층 주차장 벽면,0,24,1,1,0,0,0,0,0,0,1,1,0,0,0,0,127.1135998,37.28617851
138,138,다우기술 전기차충전소,경기 용인시 수지구 디지털벨리로 81,3,24,1,3,1,1,1,1,1,1,1,1,3,3,1,1,127.137298,37.33313847
139,139,양우내안에에듀퍼스트1 전기차충전소,경기 용인시 처인구 경안천로 196-1 203동,2,24,1,2,0,0,0,0,0,0,0,0,0,0,1,1,127.2211929,37.24918797
140,140,용인 신봉마을동일하이빌3단지아파트2,경기 용인시 수지구 신봉3로 25,2,24,1,2,0,0,0,0,0,0,0,0,0,0,0,0,127.064895,37.32656198
141,141,래미안이스트팰리스1단지3 전기차충전소,경기 용인시 수지구 동천로153번길 7,3,24,1,3,2,2,2,2,1,2,1,2,1,1,2,3,127.0873582,37.33630417
142,142,신봉마을동일하이빌3단지아파트1,경기 용인시 수지구 신봉3로 25,3,24,1,3,0,0,0,0,0,0,0,0,1,1,1,3,127.064895,37.32656198
143,143,용인휴게소 강릉방향 전기차충전소,경기 용인시 처인구 양지면 주북리 958-5,0,24,1,2,0,0,1,1,1,2,0,0,0,0,1,0,127.2431195,37.24551135
144,144,수지보원아파트 104동 전기차충전소,경기 용인시 수지구 수풍로 16,2,24,1,2,0,0,0,0,0,0,0,0,0,0,0,0,127.0911935,37.32611746
145,145,용인신갈푸르지오아파트 전기차충전소,경기 용인시 기흥구 기흥로116번길 77,5,14,1,5,2,2,2,2,2,0,0,0,1,1,2,3,127.1180856,37.28952139
146,146,용인수지우체국 전기차충전소,경기 용인시 수지구 문정로 3,0,9,1,2,0,0,0,0,0,0,0,0,0,0,0,0,127.0968436,37.32124532
147,147,용인 삼가풍림아파트 전기차충전소,경기 용인시 처인구 삼가로 28,2,24,1,2,2,2,2,2,0,0,0,0,0,0,0,0,127.1668905,37.24563269
148,148,어반런드렛 전기차충전소,경기 용인시 기흥구 용구대로2469번길 47,4,9,1,4,1,1,1,1,1,0,0,0,0,0,0,0,127.1048714,37.31089938
149,149,벽산첼시빌2아파트5 전기차충전소,경기 용인시 수지구 성복1로 107,2,24,1,2,2,2,2,1,1,0,0,1,0,0,0,0,127.0653837,37.31472754
150,150,신봉동일하이빌 2단지1 전기차충전소,경기 용인시 수지구 신봉3로11번길 10-7,2,24,1,2,2,1,1,1,1,1,1,1,0,0,1,1,127.0675946,37.32609211
151,151,동천동주민센터 전기차충전소,경기 용인시 수지구 신수로783번길 40,0,9,1,1,0,0,0,0,0,0,0,0,0,0,1,1,127.099239,37.34186011
153,153,자연앤6단지3 전기차충전소,경기 용인시 기흥구 강남동로 46,2,24,1,2,1,1,1,1,0,2,0,1,0,0,1,1,127.1318498,37.2697067
154,154,신촌마을죽전스타클래스타운하우스5블럭,경기 용인시 기흥구 신촌로 78,0,24,1,1,0.5,0.5,0.5,0.5,0.5,0.5,0.5,0.5,0.5,0.5,0.5,0.5,127.1127154,37.30614318
155,155,상현도서관 전기차충전소,경기 용인시 수지구 법조로 232,0,9,1,1,0.5,0.5,0.5,0.5,0.5,0.5,0.5,0.5,0.5,0.5,0.5,0.5,127.0742891,37.29996008
156,156,영통로효성해링턴플레이스 102동,경기 용인시 기흥구 서그내로16번길 30,4,24,1,4,2,2,2,2,2,0,1,1,1,1,2,2,127.0703322,37.24549072
157,157,기아비전스퀘어 전기차충전소,경기 용인시 처인구 양지면 남평로326번길 11,4,24,1,4,0,0,0,0,0,0,0,0,0,0,0,0,127.3118786,37.22157367
158,158,플랫폼시티아이브오피스텔 전기차충전소,경기 용인시 기흥구 용구대로2360번길 15,2,24,1,2,1,1,1,1,1,1,1,1,1,1,1,1,127.110283,37.29836313
159,159,용인서부경찰서 전기차충전소,경기 용인시 기흥구 보정동 1290,0,24,1,1,0,0,0,0,0,0,0,0,0,0,0,0,127.106614,37.30930597
160,160,서농동주민센터 전기차충전소,경기 용인시 기흥구 서천서로 79,0,24,1,1,0,0,0,0,0,1,0,0,0,0,0,0,127.0683832,37.23797804
161,161,양우내안애에듀퍼스트 전기차충전소,경기 용인시 처인구 경안천로 196-1,10,24,1,10,5,5,5,5,5,5,5,5,5,5,5,5,127.2211929,37.24918797
162,162,동일하이빌4단지 409동 전기차충전소,경기 용인시 수지구 신봉3로12번길 9 동일하이빌4단지 409동 B2F,3,24,1,3,0,0,0,0,0,0,0,0,0,0,0,1,127.0648622,37.33021992
163,163,성동마을LG빌리지6차아파트5 전기차충전소,경기 용인시 수지구 성복2로 158,3,24,1,3,0,0,0,0,0,0,0,0,0,0,0,0,127.0708408,37.31913154
164,164,이편한세상용인한숲시티3단지 전기차충전소,경기 용인시 처인구 남사읍 한숲로 123,18,14,1,18,14,14,16,16,13,7,5,5,1,1,6,7,127.1720571,37.16014634
165,165,진산마을삼성래미안7차아파트2 전기차충전소,"경기 용인시 수지구 진산로66번길 27 진산마을삼성래미안7차아파트 705동 지하1층 3,4호",3,24,1,3,1,1,1,0,0,0,0,1,0,0,0,0,127.0984108,37.31461827
166,166,신동백서해그랑블2차아파트 전기차충전소,경기 용인시 기흥구 언동로217번길 31,5,24,1,5,1,0,0,0,0,1,0,0,0,0,2,1,127.1473841,37.27936456
167,167,용인평온의숲 전기차충전소,경기 용인시 처인구 이동읍 평온의숲로 77,0,24,1,2,1,1,1,1,1,1,1,1,1,1,1,1,127.2225342,37.11903789
168,168,하우스디동백카바나아파트 전기차충전소,경기 용인시 기흥구 동백죽전대로527번길 34,4,24,1,4,0,0,0,0,0,0,0,1,0,0,3,2,127.1471241,37.28521839
169,169,죽전힐스테이트2차 전기차충전소,경기 용인시 기흥구 죽현로 59-27 지하1층,0,24,1,1,0,0,0,0,0,0,0,0,0,0,1,1,127.1189684,37.31897031
170,170,죽전1동주민센터 전기차충전소,경기 용인시 수지구 죽전동 1070-9,0,9,1,1,0,0,0,0,1,1,1,0,0,0,1,0,127.1138652,37.33109719
171,171,이편한세상용인한숲시티2단지-2 전기차충전소,경기 용인시 처인구 남사읍 한숲로 137,3,24,1,3,2,2,2,1,1,0,0,0,0,0,0,0,127.1739486,37.16135541
172,172,한국 대중불교불이종 동도사 전기차충전소,경기 용인시 처인구 이동읍 어진로 842,2,24,1,2,0,0,0,0,0,0,0,0,0,0,0,0,127.1983431,37.10778149
173,173,만현마을3단지성원상떼빌아파트 전기차충전소,경기 용인시 수지구 만현로67번길 19,5,24,1,5,5,5,5,4,3,1,3,2,0,0,1,3,127.0904049,37.30948741
174,174,흥덕우남퍼스트빌리젠트 전기차충전소,경기 용인시 기흥구 흥덕중앙로105번길 40,0,24,1,1,1,1,1,1,1,1,1,1,0,0,1,1,127.0821832,37.28089197
175,175,기흥파크뷰2 전기차충전소,경기 용인시 기흥구 기흥로116번길 60,3,24,1,3,1,1,0,0,0,0,0,0,0,0,1,2,127.1204792,37.28753624
176,176,교동동양파라곤 전기차충전소,경기 용인시 기흥구 마북로 140,5,24,1,5,0,0,0,0,0,0,1,1,1,1,1,1,127.1227444,37.30160234
177,177,한보라마을휴먼시아5단지 1주차장,경기 용인시 기흥구 한보라1로43번길 22,3,24,1,3,1,1,1,1,0,0,0,0,0,0,1,1,127.1107225,37.24912934
178,178,용인휴게소 서창방향 전기차충전소,경기 용인시 처인구 주북로 66-14,0,24,1,2,1,0,0,0,0,1,2,1,1,1,0,0,127.2383059,37.24836239
179,179,리빙파워센터 전기차충전소,경기 용인시 기흥구 신고매로 59 리빙파워센터 주차장 1Fm층 C16,5,24,1,7,1.166666667,1.166666667,1.166666667,1.166666667,1.166666667,1.166666667,1.166666667,1.166666667,0,0,1.166666667,2.333333333,127.1142482,37.22341519
180,180,죽전e편한세상 전기차충전소,경기 용인시 수지구 대지로 148,2,24,1,2,0,0,0,0,0,0,0,0,0,0,1,0,127.1258066,37.32857914
181,181,용인시 신동백동도센트리움 전기차충전소,경기 용인시 기흥구 언동로 207 102동 B1,4,24,1,4,2,2,2,2,2,2,2,2,2,2,2,2,127.1438655,37.27754608
182,182,동부도서관 전기차충전소,경기 용인시 처인구 명지로 27,0,24,1,1,0.5,0.5,0.5,0.5,0.5,0.5,0.5,0.5,0.5,0.5,0.5,0.5,127.1904024,37.23348159
183,183,양지포레스토리 전기차충전소,경기 용인시 처인구 양지면 은이로 85,2,24,1,2,0,0,0,0,0,2,2,0,0,0,0,2,127.2787308,37.22379792
184,184,동백동일하이빌아파트 전기차충전소,경기 용인시 기흥구 동백중앙로 310,4,24,1,5,0,0,0,0,-1,-1,-1,-1,-1,-1,2,2,127.1564567,37.27916514
185,185,기흥동행정복지센터 전기차충전소,경기 용인시 기흥구 고매로43번길 12-14,0,9,1,1,0,0,0,0,0,0,0,0,0,0,0,0,127.1155323,37.23152688
186,186,만현마을8단지두산위브아파트804동,경기 용인시 수지구 만현로 127,3,24,1,3,1,2,1,1,0,0,0,0,0,0,3,3,127.0877119,37.3045669
187,187,경기도 용인시 처인구 동부로 19 (저압수용가),경기 용인시 처인구 동부로 19,0,19,1,1,0,0,0,0,0,0,0,0,0,0,0,0,127.2140819,37.23142768
188,188,수지구청 전기차충전소,경기 용인시 수지구 포은대로 435,0,24,1,2,0,0,0,2,0,1,0,1,2,2,0,0,127.0978219,37.32225475
189,189,민속마을쌍용아파트6 전기차충전소,경기 용인시 기흥구 사은로126번길 10 지하2층,2,24,1,2,1,1,1,0,0,0,0,0,1,1,0,0,127.1175604,37.25168658
190,190,용인두보아파트 전기차충전소,경기 용인시 처인구 금령로173번길 14,2,24,1,2,0,0,0,0,0,0,0,0,0,0,1,0,127.2169195,37.23542928
191,191,성동마을수지자이1차아파트2 전기차충전소,경기 용인시 수지구 성복2로 174,3,24,1,3,0,0,0,0,0,0,0,0,0,0,0,0,127.0689812,37.32150244
192,192,양우내안에에듀퍼스트5 전기차충전소,경기 용인시 처인구 경안천로 196-1 217동,2,24,1,2,0,0,0,0,0,0,0,0,0,0,0,0,127.2211929,37.24918797
193,193,죽전4차1단지현대홈타운 전기차충전소,경기 용인시 수지구 푸른솔로 55 지하주차장,3,24,1,3,3,3,3,3,1.5,1.5,0,0,0,0,3,3,127.1167814,37.32578528
194,194,현암마을동성2차아파트 전기차충전소,경기 용인시 수지구 용구대로 2720,8,24,1,8,3,3,3,3,0,0,0,0,1,1,5,5,127.1093569,37.32894482
195,195,영통빌리지 전기차충전소,경기 용인시 기흥구 중부대로55번길 11,6,24,1,6,3.6,3.6,3.6,2.4,0,0,0,0,0,0,2.4,3.6,127.0760228,37.26817375
196,196,연원마을벽산아파트2 전기차충전소,경기 용인시 기흥구 연원로42번길 2,0,24,1,1,1,1,1,1,1,0,1,1,0,0,1,1,127.1113789,37.30044197
197,197,용인시 처인구 마평우성아파트 전기차충전소,경기 용인시 처인구 금령로173번길 5 103동 지하1층 주차장,2,24,1,2,0,0,0,0,0,0,0,0,0,0,0,0,127.2153432,37.23516356
198,198,용인 중앙동행정복지센터 전기차충전소,경기 용인시 처인구 김량장동 303-14,0,9,1,1,0,0,0,0,0,0,0,0,0,0,0,0,127.2052456,37.23408104
199,199,경기용인 신봉동부센트레빌6단지 208동,경기 용인시 수지구 신봉1로 216,2,24,1,2,0,0,0,0,0,0,0,0,0,0,0,1,127.0649217,37.33318203
200,200,초당마을삼부르네상스아파트 전기차충전소,경기 용인시 기흥구 동백1로 9,4,24,1,4,3,3,3,3,2,2,1,0,2,2,4,4,127.1575924,37.26474762
201,201,삼성물산리조트지원센터 전기차충전소,경기 용인시 처인구 포곡읍 에버랜드로 199,5,24,1,5,0,0,0,0,0,0,0,0,0,0,0,0,127.202128,37.2940667
203,203,광교상현꿈에그린 전기차충전소,경기 용인시 수지구 수지로 17 104동 지하1층,5,24,1,5,3,3,3,3,2,2,2,2,5,5,2,2,127.0726178,37.30658283
204,204,강남앤플러스 전기차충전소,경기 용인시 기흥구 강남로 3,2,24,1,2,0,0,0,0,0,0,0,0,0,0,0,0,127.1261326,37.27105025
205,205,포곡읍행정복지센터 전기차충전소,경기 용인시 처인구 포곡읍 포곡로 258,0,24,1,2,0,0,0,0,0,0,1,1,0,0,0,0,127.2308231,37.27781781
206,206,이브이세상 전기차충전소,경기 용인시 처인구 모현읍 모산로 43,2,24,1,2,0,0,0,0,0,0,0,0,0,0,1,1,127.2555709,37.34803298
207,207,성복힐스테이트1차 전기차충전소,경기 용인시 수지구 성복1로 91,0,24,1,2,1,1,1,1,1,1,1,1,1,1,1,1,127.0697152,37.31473489
208,208,용인모현스위첸아파트 전기차충전소,경기 용인시 처인구 모현읍 외대로54번길 12,20,18,1,25,2,2,2,0,0,0,1,1,1,1,2,3,127.2540268,37.33434671
209,209,용인축구센터 전기차충전소,경기 용인시 처인구 원삼면 보개원삼로 1752,0,24,1,1,0,0,0,0,0,0,0,0,0,0,0,0,127.3193171,37.1539468
210,210,청덕마을광도와이드빌아파트 전기차충전소,경기 용인시 기흥구 언동로71번길 64,3,24,1,3,1,0,0,0,1,0,0,0,0,0,0,0,127.1460489,37.28821179
211,211,진산마을삼성래미안7차아파트1 전기차충전소,경기 용인시 수지구 진산로66번길 27,3,24,1,3,1,0,0,0,0,0,0,0,0,0,0,1,127.0984108,37.31461827
212,212,대륙 전기차충전소,경기 용인시 처인구 포곡읍 포곡로234번길 22-9,2,24,1,2,0,0,0,0,0,0,0,0,0,0,0,0,127.2297744,37.27502275
214,214,금학공영주차장 전기차충전소,경기 용인시 처인구 용문로 140,0,24,1,2,0,1,2,0,0,2,0,1,0,0,2,2,127.201254,37.23613047
215,215,영덕1동주민센터 전기차충전소,경기 용인시 기흥구 흥덕2로118번길 2,0,9,1,1,0.5,0.5,0.5,0.5,0.5,0.5,0.5,0.5,0.5,0.5,0.5,0.5,127.0745334,37.27782133
216,216,상현엘지자이아파트 전기차충전소,경기 용인시 수지구 만현로133번길 33 902동 지하B1주차장 64-65기둥 사이,3,24,1,3,1.5,1.5,1.5,1.5,1.5,1.5,1.5,1.5,1.5,1.5,1.5,1.5,127.0907929,37.30478669
217,217,용인시 수진마을2단지 현대효성아파트,경기 용인시 수지구 손곡로 54,2,24,1,2,1,1,1,1,1,1,1,1,0,0,1,1,127.0970667,37.3374438
218,218,경희마크329 전기차충전소,경기 용인시 기흥구 서천로127번길 11-5,4,24,1,4,0,0,0,0,0,0,0,0,0,0,0,0,127.073401,37.23677539
219,219,유림동주민센터 전기차충전소,경기 용인시 처인구 백옥대로 1315,0,24,1,1,0.5,0.5,0.5,0.5,0.5,0.5,0.5,0.5,0.5,0.5,0.5,0.5,127.21205,37.25285779
220,220,EV충전소 SK톨게이트주유소 (ev Most),경기 용인시 처인구 백옥대로 1410,0,15,1,1,0,0,0,0,1,0,0,0,1,1,0,1,127.2130945,37.26088474
221,221,보정한화꿈에그린아파트 전기차충전소,경기 용인시 기흥구 구교동로 17 지하2층 연두색기둥 28,0,24,1,1,0.5,0.5,0.5,0.5,0.5,0.5,0.5,0.5,0.5,0.5,0.5,0.5,127.1067689,37.3067668
222,222,명지대학교 자연캠퍼스 전기차충전소,경기 용인시 처인구 명지로 116,6,24,1,6,0,0,0,0,0,0,0,0,0,0,0,0,127.1901837,37.22180726
223,223,고등기술연구원연구조합 전기차충전소,경기 용인시 처인구 백암면 고안로51번길 175-28,6,24,1,6,0,0,0,0,0,0,0,0,0,0,0,0,127.4142428,37.14737991
224,224,경기용인 엘지빌리지5차3 전기차충전소,경기 용인시 수지구 신봉1로 110 506~507동 2주차장 지하1층 39기둥,3,24,1,3,0,0,0,0,0,0,0,2,1,1,1,2,127.0741122,37.32783341
225,225,용화마을태영데시앙2단지아파트 전기차충전소,경기 용인시 기흥구 구성로 44-5,3,24,1,3,1,1,0,0,0,0,0,0,0,0,1,2,127.1153428,37.29415047
226,226,물푸레마을호반베르디움8단지 전기차충전소,경기 용인시 기흥구 구성로 411 804동 지하2층,3,24,1,3,0,0,0,0,0,0,0,0,0,0,1,0,127.1535938,37.29292539
227,227,신봉마을동일하이빌3단지아파트3,경기 용인시 수지구 신봉3로 25,3,24,1,3,2,2,2,2,0,1,1,0,0,0,1,2,127.064895,37.32656198
228,228,용인세브란스병원 전기차충전소,경기 용인시 기흥구 동백죽전대로 363,5,24,1,7,0,0,0,0,1,0,0,0,0,0,2,0,127.1482857,37.27069822
229,229,동용인지사 전기차충전소,경기 용인시 처인구 금령로78번길 5,0,24,1,2,1,1,1,1,1,1,1,1,1,1,1,1,127.205457,37.23467951
230,230,스프링카운티자이 전기차충전소,경기 용인시 기흥구 동백죽전대로 333,20,9,1,25,1,1,1,1,1,0,0,0,2,2,2,1,127.1506994,37.26934091
231,231,롯데마트 신갈점 전기차충전소,경기 용인시 기흥구 중부대로 375 지하2층 10,0,24,1,3,0,0,0,0,0,0,0,0,1,1,1,1,127.1078594,37.27199089
232,232,삼천리 에버랜드 복합충전소(완속),경기 용인시 처인구 포곡읍 곡현로 74,2,24,1,2,1,2,2,2,1,2,2,2,2,2,1,0,127.2226093,37.29327236
233,233,명가코다리찜 전기차충전소,경기 용인시 처인구 포곡읍 포곡로272번길 19-6,2,24,1,2,1,1,1,1,1,1,1,1,0,0,1,1,127.2323835,37.27737973
234,234,유니버스트윈1차오피스텔 전기차충전소,경기 용인시 처인구 명지로40번길 15-9,0,24,1,1,0,0,0,0,0,0,0,0,0,0,0,0,127.1867456,37.23161306
235,235,용인김량장동현대아파트 전기차충전소,경기 용인시 처인구 백옥대로1068번길 12,3,24,1,3,1,0,0,0,0,0,0,0,0,0,0,0,127.2117529,37.22929909
236,236,양우내안에 에듀퍼스트6 전기차충전소,경기 용인시 처인구 경안천로 196-1 휘트니스,3,24,1,3,0,0,0,0,0,0,1,0,0,0,3,2,127.2211929,37.24918797
237,237,보정동주민센터 전기차충전소,경기 용인시 기흥구 보정동 1264,0,24,1,2,1,1,1,1,1,2,2,2,2,2,0,0,127.1131367,37.32013989
239,239,삼성쉐르빌아파트 전기차충전소,경기 용인시 처인구 포곡읍 포곡로 159 103동 지하 2층 A20번기둥 부근,6,24,1,6,6,6,6,6,3,3,2,2,1,1,3,3,127.2207903,37.27392157
240,240,꽃메마을아이파크2차아파트 전기차충전소,경기 용인시 수지구 죽전로 121,5,24,1,5,5,5,5,4,2,2,3,1,0,0,3,3,127.1203051,37.32366199
241,241,메종블루아아파트 105동 전기차충전소,경기 용인시 기흥구 동탄기흥로785번길 38,0,24,1,1,0,0,0,0,0,0,0,1,0,0,1,1,127.0975046,37.22825355
242,242,㈜한화시스템 전기차충전소,경기 용인시 처인구 남사읍 경기동로 491-23,2,24,1,2,1,1,1,1,1,1,1,1,1,1,1,1,127.1795822,37.1434847
243,243,보라마을현대모닝사이드2차아파트,경기 용인시 기흥구 용구대로 1842,8,24,1,8,4,5,4,5,1,1,0,1,0,0,3,3,127.1057299,37.25221322
244,244,풍덕천1동주민센터 전기차충전소,경기 용인시 수지구 수지로342번길 3,0,9,1,1,0,0,0,0,0,0,0,0,1,1,1,0,127.0950287,37.32795741
245,245,서원마을3단지아이파크303동 전기차충전소,경기 용인시 수지구 포은대로 219,3,24,1,3,0,0,0,0,0,0,0,0,0,0,1,1,127.0800314,37.3079233
246,246,서그내빌 전기차충전소,경기 용인시 기흥구 서그내로53번길 44,0,9,1,1,0,0,0,0,0,0,0,0,0,0,0,0,127.0696183,37.2406919
247,247,기흥ICT밸리 SK V1 전기차충전소,경기 용인시 기흥구 기흥로 58-1,4,24,1,4,0,0,0,0,0,0,0,0,0,0,0,0,127.1193559,37.28002299
248,248,고림2차양우내안애에듀퍼스트아파트,경기 용인시 처인구 경안천로 196-1,10,24,1,10,5,5,5,5,5,5,5,5,5,5,5,5,127.2211929,37.24918797
249,249,용인삼환나우빌 102동 전기차충전소,경기 용인시 처인구 중부대로 1348 102동 지하 A11,2,24,1,2,1,1,1,0,0,0,0,0,0,0,1,1,127.1939931,37.23473714
250,250,한숲스퀘어옐로우 전기차충전소,경기 용인시 처인구 남사읍 한숲로 45 지하1층 관리사무소 앞,0,24,1,1,1,1,1,1,0,0,0,0,1,1,0,0,127.1700463,37.15281914
251,251,자봉마을써니밸리아파트2 전기차충전소,경기 용인시 기흥구 사은로 274-22,3,24,1,3,2,1,0,0,1,1,0,1,0,0,0,1,127.1342596,37.2507075
252,252,스파팰리스리가아파트1 전기차충전소,경기 용인시 기흥구 언남로 5,3,24,1,3,1,1,1,0,0,0,0,0,1,1,1,1,127.1239793,37.29297228
253,253,성산마을서해그랑블 3104동 전기차충전소,경기 용인시 기흥구 동백4로 26,3,24,1,3,1.5,1.5,1.5,1.5,1.5,1.5,1.5,1.5,1.5,1.5,1.5,1.5,127.1554627,37.27151139
254,254,코스트코 공세점 전기차충전소,경기 용인시 기흥구 탑실로 38 옥상주차장,14,12,1,14,7,7,7,7,7,7,7,7,7,7,7,7,127.1090244,37.23827198
255,255,효성해링턴플레이스 전기차충전소,경기 용인시 수지구 용구대로 2750 지하4층 주차장,0,24,1,1,1,0,0,0,0,0,0,0,0,0,0,1,127.1094774,37.33124865
256,256,수지벽산1단지아파트2 전기차충전소,경기 용인시 수지구 용구대로2771번길 68 P2주차장,2,24,1,2,0,0,0,0,0,1,0,0,0,0,0,1,127.1068422,37.33641369
257,257,성복역롯데캐슬골드타운 전기차충전소,경기 용인시 수지구 성복2로 10,5,24,1,5,5,5,5,5,4,3,2,2,2,2,4,5,127.0831064,37.31126483
258,258,에스테크 조명연구소 전기차충전소,경기 용인시 처인구 백암면 삼백로785번길 18,0,24,1,1,0.5,0.5,0.5,0.5,0.5,0.5,0.5,0.5,0.5,0.5,0.5,0.5,127.3690711,37.14100887
259,259,용인호수청구아파트 전기차충전소,경기 용인시 기흥구 공세로 226 주차장,3,24,1,3,3,2,0,0,0,0,0,0,0,0,1,1,127.1025629,37.24002902
260,260,성산마을서해그랑블 3109동 전기차충전소,경기 용인시 기흥구 동백4로 26,2,24,1,2,1,1,1,1,1,1,1,1,1,1,1,1,127.1554627,37.27151139
261,261,광교푸르지오시티1단지 전기차충전소,경기 용인시 수지구 광교중앙로295번길 21,3,24,1,3,0,0,0,0,0,0,0,0,0,0,0,0,127.0683911,37.29800289
262,262,e편한세상시티수지아파트 전기차충전소,경기 용인시 수지구 포은대로313번길 7-10,2,24,1,2,1,1,1,0,-1,0,-1,-1,-1,-1,-1,-1,127.08389,37.31669481
263,263,상갈동주민센터 전기차충전소,경기 용인시 기흥구 상갈로 2,0,9,1,1,1,1,0,0,0,0,0,1,1,1,0,0,127.1076939,37.26657957
264,264,꽃메마을현대홈타운 전기차충전소,경기 용인시 수지구 푸른솔로 56,3,24,1,3,2,0,0,0,0,0,0,0,1,1,2,1,127.1160131,37.32476445
265,265,용인 성현마을광명샤인빌 전기차충전소,경기 용인시 수지구 디지털벨리로 5,2,24,1,2,1,1,2,1,0,0,0,0,0,0,0,1,127.131857,37.32803626
268,268,신갈현대아파트 전기차충전소,경기 용인시 기흥구 용구대로 2242,3,24,1,3,1,1,1,1,1,1,0,0,0,0,1,1,127.1080907,37.28663347
269,269,임원마을영화1차 2 전기차충전소,경기 용인시 처인구 경안천로256번길 47-16,2,24,1,2,0,0,0,0,0,0,0,0,0,0,0,1,127.2268275,37.25347817
270,270,LG빌리지6차아파트608동 전기차충전소,경기 용인시 수지구 성복2로 158,2,24,1,2,0,0,0,0,0,0,0,1,0,0,0,0,127.0708408,37.31913154
271,271,신촌마을포스홈타운1단지아파트 전기차충전소,경기 용인시 기흥구 용구대로2518번길 15,10,24,1,10,1,0,0,0,1,1,2,2,1,1,2,3,127.1093149,37.31299711
272,272,신한은행 연수원 전기차충전소,경기 용인시 기흥구 기흥단지로158번길 11,0,24,1,1,0,0,0,0,0,0,0,0,0,0,0,0,127.115817,37.2260431
273,273,이마트 보라점 전기차충전소,경기 용인시 기흥구 한보라1로 92 본관4층 F구역,2,13,1,2,0,0,0,0,1,1,0,0,0,0,0,0,127.1050892,37.24753107
274,274,기흥역 롯데캐슬레이시티오피스텔 관리단,경기 용인시 기흥구 기흥역로 9,2,24,1,2,0,0,0,0,1,1,0,0,0,0,1,0,127.1153373,37.27482184
275,275,서홍마을한화꿈에그린아파트 전기차충전소,경기 용인시 수지구 신봉1로48번길 32,0,24,1,2,0,0,0,0,0,0,0,0,0,0,1,1,127.0818556,37.32348192
276,276,주식회사태화정보통신 전기차충전소,경기 용인시 처인구 남사읍 천덕산로74번길 47,2,24,1,2,0,0,0,0,0,0,0,0,1,1,0,0,127.1153845,37.11065786
277,277,용인시청소년수련원 전기차충전소,경기 용인시 처인구 양지면 죽양대로2071번길 50,0,24,1,2,0,0,0,0,0,0,0,0,0,0,0,0,127.3136233,37.21442476
278,278,대지마을중앙하이츠빌 전기차충전소,경기 용인시 수지구 현암로63번길 2,2,24,1,2,1,1,1,0,0,0,0,0,0,0,0,0,127.1170231,37.33209461
279,279,경기용인 금전마을리슈빌아파트 전기차충전소,경기 용인시 처인구 포곡읍 둔전로 15,2,9,1,2,0,0,0,1,1,1,1,1,1,1,0,0,127.2154804,37.26679116
280,280,동백아펠바움3차 전기차충전소,경기 용인시 기흥구 동백2로32번길 7-35,0,9,1,1,1,1,1,1,0,0,0,0,0,0,0,0,127.1587769,37.26733878
281,281,수지건영아파트 전기차충전소,경기 용인시 수지구 수풍로23번길 25,0,24,1,1,0,0,0,0,0,0,0,0,0,0,0,1,127.0863587,37.32701464
282,282,이스트팰리스3단지 1312동 전기차충전소,경기 용인시 수지구 동천로135번길 21 1312동 지하E2 014,3,24,1,3,3,3,3,3,2,0,0,0,0,0,2,3,127.0874245,37.33402929
283,283,동백동일하이빌아파트1 전기차충전소,경기 용인시 기흥구 동백중앙로 312 D주차장,2,24,1,2,0,0,0,0,0,0,0,0,0,0,0,0,127.1582214,37.27956988
285,285,경기용인 꽃메마을극동스타클래스아파트,경기 용인시 수지구 죽전로 116,3,24,1,3,0,0,0,0,0,0,0,0,0,0,0,0,127.1218478,37.32290021
286,286,기흥삼성래미안1차아파트 전기차충전소,경기 용인시 기흥구 용구대로2394번길 27,21,24,0,21,5.6,3.9375,14,14,14,14,14,14,7,7,14,14,127.1134633,37.30039178
287,287,아르피아스포츠센터 전기차충전소,경기 용인시 수지구 포은대로 499,2,24,1,2,0,0,0,0,0,0,2,1,0,0,0,0,127.1047625,37.32561804
288,288,래미안이스트팰리스1단지1 전기차충전소,경기 용인시 수지구 동천로153번길 7,3,24,1,3,3,3,2,2,2,3,1,0,1,1,0,0,127.0873582,37.33630417
289,289,행정타운늘푸른오스카빌아파트3단지,경기 용인시 처인구 중부대로1158번길 12 301동 앞 B1F,2,24,1,2,1,1,1,1,1,1,1,1,1,1,1,1,127.1705509,37.23761151
290,290,교동마을마북2차 대림e편한세상아파트,경기 용인시 기흥구 마북로 218,5,24,1,5,0,0,0,0,0,0,0,0,0,0,1,0,127.1289046,37.30734963
291,291,용인시 농산물종합가공지원센터 전기차충전소,경기 용인시 처인구 원삼면 내동로 61,0,24,1,1,0.5,0.5,0.5,0.5,0.5,0.5,0.5,0.5,0.5,0.5,0.5,0.5,127.2986541,37.17353859
292,292,용인구성휴먼시아물푸레마을325동,경기 용인시 기흥구 구성3로 65 지하,5,24,1,5,3,3,2,0,0,1,1,1,1,1,3,3,127.149442,37.29988175
294,294,웰메이드시티337 전기차충전소,경기 용인시 처인구 금령로106번길 14-8,2,24,1,2,0,0,0,0,0,0,0,0,0,0,0,0,127.2072433,37.23458377
295,295,용인시민체육공원 전기차충전소,경기 용인시 처인구 동백죽전대로 61,0,12,1,4,0,0,0,0,1,0,1,1,1,1,0,0,127.165158,37.24963097
296,296,용인우체국 전기차충전소,경기 용인시 처인구 중부대로1161번길 73,0,9,1,7,0,0,0,0,0,0,0,0,0,0,0,0,127.1806425,37.24200401
297,297,이동읍화산C.C 전기차충전소,경기 용인시 처인구 이동읍 화산로 239,0,24,1,1,0,0,0,0,0,0,0,0,0,0,0,0,127.2322762,37.14797819
298,298,송전휴게소 전기차충전소,경기 용인시 처인구 이동읍 남북대로 2616,0,24,1,1,0,0,0,0,1,0,1,0,0,0,0,0,127.2056288,37.14060521
299,299,해든마을동문굿모닝힐 전기차충전소,경기 용인시 기흥구 동백죽전대로 455-10,13,24,1,13,6.5,6.5,6.5,6.5,6.5,6.5,6.5,6.5,6.5,6.5,6.5,6.5,127.1514316,37.27977708
300,300,용인광교2차푸르지오시티C동 전기차충전소,경기 용인시 수지구 광교중앙로 305,3,24,1,3,0,0,0,0,0,0,0,0,0,0,0,0,127.0687895,37.29733706
301,301,푸른마을푸르지오아파트 전기차충전소,경기 용인시 수지구 성복2로76번길 31,5,24,1,3,1.5,1.5,1.5,1.5,1.5,1.5,1.5,1.5,1.5,1.5,1.5,1.5,127.0797163,37.31567673
302,302,용인수지신정마을9단지주공아파트 909동,경기 용인시 수지구 풍덕천로 76,0,24,1,1,0,0,0,0,0,0,0,0,0,0,0,0,127.090878,37.31997473
303,303,용인처인성역사교육관 전기차충전소,경기 용인시 처인구 남사읍 처인성로 673,0,12,1,1,1,1,1,1,1,0,0,0,1,1,1,0,127.1700454,37.14842098
304,304,대한불교조계종법륜사 전기차충전소,경기 용인시 처인구 원삼면 농촌파크로 126 야외주차장,2,24,1,2,1,0,0,0,0,0,0,0,0,0,0,0,127.2985046,37.16964011
305,305,삼성인력개발원 창조관 전기차충전소,경기 용인시 처인구 포곡읍 에버랜드로562번길 10-16,0,24,1,3,0,0,0,0,0,1.5,1.5,0,0,0,0,0,127.1973314,37.29723454
306,306,버들치마을힐스테이트2차아파트 전기차충전소,경기 용인시 수지구 성복1로164번길 13,21,24,1,21,11,12,13,12,8,4,4,6,1,1,8,11,127.0642988,37.31832272
307,307,금화마을 주공3단지 전기차충전소,"경기 용인시 기흥구 금화로11번길 10 입구주차장,307동 입구 2기계실, 309동 입구 4기계실옆",9,24,1,9,1.125,0,1.125,1.125,2.25,2.25,2.25,2.25,1.125,1.125,1.125,1.125,127.1072193,37.26246278
308,308,서천마을4단지 전기차충전소,경기 용인시 기흥구 서천동로 60,0,24,1,1,0.5,0.5,0.5,0.5,0.5,0.5,0.5,0.5,0.5,0.5,0.5,0.5,127.0750958,37.23555106
309,309,초원마을성원상떼빌 전기차충전소,경기 용인시 기흥구 기흥로116번길 100,12,24,1,12,1,1,1,1,2,0,1,0,0,0,2,1,127.1256933,37.28937542
310,310,용인시 원천마을푸르지오아파트 전기차충전소,경기 용인시 수지구 고기로 3,2,24,1,2,0,0,0,0,0,0,0,0,0,0,0,0,127.1012081,37.34235851
311,311,용인레이크포레 전기차충전소,경기 용인시 수지구 광교호수로 431,2,24,1,2,0,0,0,0,0,0,0,0,0,0,0,0,127.0841639,37.30260234
312,312,광림남교회 전기차충전소,경기 용인시 기흥구 동백죽전대로 245 입구주차타워 1층,2,24,1,2,0,0,0,0,0,0,0,0,0,0,0,0,127.1560155,37.26328813
313,313,용인한숲시티4단지 전기차충전소,경기 용인시 처인구 남사읍 한숲로 124,7,24,1,7,3.5,3.5,3.5,3.5,3.5,3.5,3.5,3.5,3.5,3.5,3.5,3.5,127.1755013,37.15911183
314,314,경기 용인시 기흥구 청명산로 51 (저압수용가),경기 용인시 기흥구 청명산로 51,0,9,1,1,0,0,0,0,0,0,0,0,0,0,0,0,127.0901572,37.25864108
315,315,용인역북골드클래스 전기차충전소,경기 용인시 처인구 명지로40번길 35-29,7,24,1,7,4,4,4,4,2,2,1,0,2,2,1,1,127.1844007,37.23082192
316,316,서홍마을벽산블루밍아파트 전기차충전소,경기 용인시 수지구 신봉1로48번길 45,2,24,1,2,0,0,0,0,0,0,0,0,0,0,0,0,127.0830739,37.32434101
317,317,연원마을현대아파트 전기차충전소,경기 용인시 기흥구 연원로 60,4,24,1,4,0,0,0,0,1,0,0,0,0,0,0,1,127.1121078,37.30270991
318,318,동일하이빌4단지 413동 전기차충전소,경기 용인시 수지구 신봉3로12번길 9,3,24,1,3,0,0,1,0,0,1,1,0,0,0,0,0,127.0648622,37.33021992
319,319,경기도 용인시 처인구 이동읍 원천로 17번길 4 (저압수용가),경기 용인시 처인구 이동읍 원천로17번길 4,0,9,1,1,0,0,0,0,0,0,0,0,0,0,0,0,127.2084316,37.19325502
320,320,상현마을쌍용아파트A단지 전기차충전소,경기 용인시 수지구 상현로 27,3,24,1,3,2,2,2,2,1,0,0,0,0,0,1,1,127.0765339,37.30340079
321,321,상하동행정복지센터 전기차충전소,경기 용인시 기흥구 어정로 62-23,0,9,1,1,0,0,0,0,0,0,0,0,0,0,0,0,127.1383972,37.27051314
322,322,롯데몰 수지점 전기차충전소,경기 용인시 수지구 성복2로 38,0,24,1,2,0,0,0,0,0,1,1,2,1,1,2,0,127.0816669,37.31279759
323,323,한보라THE HILL 전기차충전소,경기 용인시 기흥구 한보라1로 91,10,24,1,10,0,0,0,0,1.428571429,3.333333333,1.428571429,1.428571429,1.666666667,1.666666667,2,1.666666667,127.1062823,37.24796674
324,324,녹원마을새천년그린빌4단지-3 전기차충전소,경기 용인시 기흥구 새천년로 38,2,9,1,2,0,0,0,0,0,0,0,0,0,0,0,0,127.113492,37.28907933
325,325,우남퍼스트빌아파트 전기차충전소,"경기 용인시 처인구 금학로 91 제1,2,3,4 주차장 지하1층",7,24,1,7,2,1,0,0,0,0,0,0,0,0,1,1,1.27E+15,37.2401836
326,326,지오렌터카 신갈점 전기차충전소,경기 용인시 기흥구 신갈동 552,0,24,1,1,0,0,0,0,0,0,0,0,0,0,0,0,127.0971513,37.29057049
327,327,올콘텐츠 전기차충전소,경기 용인시 처인구 모현읍 문현로 348,2,24,1,2,0,0,0,0,0,0,0,0,0,0,0,0,127.2463642,37.33706664
328,328,성복동주민센터 전기차충전소,경기 용인시 수지구 성복1로 100,0,9,1,1,0,0,0,0,0,0,0,0,0,0,0,0,127.0690037,37.31648737
329,329,새터마을모아미래도 전기차충전소,경기 용인시 수지구 대지로 127,3,24,1,3,0,0,0,0,0,0,-1,-1,-1,-1,0,0,127.1225301,37.3306509
330,330,수지자이2차아파트 1 전기차충전소,경기 용인시 수지구 성복2로 184,2,24,1,2,0,0,0,0,0,0,0,0,0,0,0,0,127.0673642,37.31911834
331,331,흥덕유타워 지식산업센터관리단 전기차충전소,경기 용인시 기흥구 흥덕중앙로 120,5,24,1,5,1.25,1,1,1,1,1,1,1,2.5,2.5,1,2,127.0800971,37.27489022
332,332,진산마을 삼성5차아파트 입주자대표회의,경기 용인시 수지구 진산로 90,4,24,1,5,1,1,1,1,2,0,0,2,0,0,0,1,127.0968957,37.31681985
333,333,경기 용인시 처인구 모현읍 왕림로 68-20 (저압수용가),경기 용인시 처인구 모현읍 왕림로 68-20,0,9,1,1,0,0,0,0,0,0,0,0,0,0,0,0,127.1825518,37.34378892
334,334,상현2동행정복지센터 전기차충전소,경기 용인시 수지구 만현로 48,0,24,1,2,1,1,1,1,1,1,1,1,1,1,1,1,127.0865294,37.31036044
335,335,기흥삼정아파트 전기차충전소,경기 용인시 기흥구 사은로 64 101동 입구주차장,4,24,1,4,0,0,0,0,0,0,0,0,0,0,0,0,127.1125633,37.25509252
336,336,동일하이빌4단지 405동 전기차충전소,경기 용인시 수지구 신봉3로12번길 9,3,24,1,3,0,0,0,0,0,0,0,0,0,0,0,1,127.0648622,37.33021992
337,337,용인한숲시티4단지405동 전기차충전소,경기 용인시 처인구 남사읍 한숲로 124,2,24,1,2,0,0,0,0,0,0,0,0,1,1,1,1,127.1755013,37.15911183
338,338,용인 동백테라스 전기차충전소,경기 용인시 기흥구 동백동 589,0,24,1,2,0,0,0,0,0,0,0,0,0,0,0,0,127.1646952,37.27923424
339,339,포곡읍사무소 전기차충전소,경기 용인시 처인구 포곡읍 포곡로 258 입구 왼쪽 주차장 끝부지,0,9,1,1,1,1,1,0,0,0,0,0,0,0,0,0,127.2308231,37.27781781
340,340,대웅제약 전기차충전소,경기 용인시 처인구 포곡읍 두계로 35,0,9,1,1,0.5,0.5,0.5,0.5,0.5,0.5,0.5,0.5,0.5,0.5,0.5,0.5,127.2366965,37.28002546
341,341,수지벽산1단지아파트1 P1주차장 전기차충전소,경기 용인시 수지구 용구대로2771번길 68,2,24,1,2,0,0,0,0,1,0,0,1,1,1,0,0,127.1068422,37.33641369
342,342,수지푸르지오월드마크상가 전기차충전소,경기 용인시 수지구 포은대로 467,4,24,1,4,0,0,0,0,0,0,0,0,0,0,0,0,127.1008176,37.3236037
343,343,서농도서관 전기차충전소,경기 용인시 기흥구 서천동 748,0,24,1,2,1,1,1,0,0,0,0,0,2,2,0,0,127.069141,37.23779127
344,344,용인휴먼시아8단지 전기차충전소,경기 용인시 기흥구 동백8로131번길 9 2802동 1주차장 기둥16,6,24,1,6,5,5,5,4,4,2,2,1,1,1,2,2,127.1644425,37.28285803
345,345,구갈동주민센터 전기차충전소,경기 용인시 기흥구 강남로 23,0,9,1,1,0,0,0,0,0,0,0,0,1,1,0,0,127.1275882,37.27242458
346,346,6단지상록아파트 전기차충전소,경기 용인시 수지구 풍덕천로 33,4,24,1,4,3,3,2,1,0,0,0,0,0,0,1,2,127.0864787,37.31891832
347,347,이스트팰리스3단지 1301동 전기차충전소,경기 용인시 수지구 동천로135번길 21 지하A1 045,3,24,1,3,1,1,1,1,0,0,0,0,1,1,1,1,127.0874245,37.33402929
348,348,성동마을LG빌리지6차아파트1 전기차충전소,경기 용인시 수지구 성복2로 158,2,24,1,2,0,0,0,0,0,0,0,0,0,0,0,0,127.0708408,37.31913154
349,349,신정마을9단지 907동 전기차충전소,경기 용인시 수지구 풍덕천로 76 제4주차장 907동쪽,2,24,1,2,0,0,0,0,0,0,0,0,0,0,0,1,127.090878,37.31997473
350,350,동백라온프라이빗테라스파크 전기차충전소,경기 용인시 기흥구 동백8로 160,2,24,1,2,1,1,1,1,0,0,0,0,0,0,0,0,127.1661449,37.28058251
351,351,신갈동주민센터 전기차충전소,경기 용인시 기흥구 신갈로58번길 11,0,9,1,1,0.5,0.5,0.5,0.5,0.5,0.5,0.5,0.5,0.5,0.5,0.5,0.5,127.1067678,37.27260603
352,352,수지풍덕천한샘더랜드마크 전기차충전소,경기 용인시 수지구 포은대로 477,3,24,1,3,1,1,0,0,0,0,0,0,0,0,0,0,127.1018261,37.32409029
353,353,용인시 수지CJ빌리지 전기차충전소,경기 용인시 수지구 수풍로 62 지하1층,2,24,1,2,1,1,1,1,0,0,0,0,0,0,0,0,127.0937499,37.32949523
354,354,이스트팰리스3단지 1305동 전기차충전소,경기 용인시 수지구 동천로135번길 21 1305동 지하C2 003,3,24,1,3,1,1,1,1,1,0,0,0,1,1,0,0,127.0874245,37.33402929
355,355,세이브솔라 전기차충전소,경기 용인시 처인구 양지면 주북리 산 44,0,24,1,1,0.5,0.5,0.5,0.5,0.5,0.5,0.5,0.5,0.5,0.5,0.5,0.5,127.2559427,37.25453836
356,356,기흥역롯데캐슬레이시티 A동 전기차충전소,경기 용인시 기흥구 기흥역로 9 A동 BF4,3,24,1,3,2,2,2,2,2,2,2,2,0,0,2,3,127.1153373,37.27482184
357,357,EV충전소 용인IC셀프주유소 전기차충전소,경기 용인시 처인구 백옥대로 1410,0,15,1,1,0.5,0.5,0.5,0.5,0.5,0.5,0.5,0.5,0.5,0.5,0.5,0.5,127.2130945,37.26088474
358,358,효성해링턴플레이스 전기차충전소,경기 용인시 기흥구 덕영대로2077번길 33,2,14,1,2,2,2,1,1,1,1,2,0,1,1,1,2,127.0956987,37.26648211
359,359,현대성우5차아파트 전기차충전소,경기 용인시 수지구 상현로 119-6 101동~104동,12,24,1,12,4,4,0,0,0,0,0,0,0,0,0,0,127.0838966,37.30953221
360,360,동일하이빌4단지 전기차충전소,경기 용인시 수지구 신봉3로12번길 9,3,24,1,3,1,1,0,0,0,0,0,0,0,0,0,0,127.0648622,37.33021992
361,361,서원마을금호베스트빌5단지아파트,경기 용인시 수지구 심곡로 16 제2주차장 지하1층 58,6,24,1,4,2,2,2,2,2,2,2,2,2,2,2,2,127.0785778,37.30776812
362,362,죽현마을아이파크1차6주차장 전기차충전소,경기 용인시 기흥구 보정로 87,3,24,1,3,0,0,0,0,0,0,0,0,0,0,0,0,127.113298,37.31744114
363,363,동일하이빌1차아파트 전기차충전소,경기 용인시 기흥구 구성로 105-15,4,24,1,4,3,3,3,3,2,2,1,2,0,0,0,0,127.1253618,37.2947865
364,364,용인한보라4단지아파트 전기차충전소,경기 용인시 기흥구 한보라1로43번길 23,5,24,1,5,2,1,1,0,0,0,0,0,0,0,1,1,127.1107616,37.25026579
365,365,기후변화체험센터 전기차충전소,경기 용인시 처인구 동부로162번길 14,0,24,1,1,0.5,0.5,0.5,0.5,0.5,0.5,0.5,0.5,0.5,0.5,0.5,0.5,127.2228402,37.222622
366,366,처인구청 전기차충전소,경기 용인시 처인구 금령로 50,0,24,1,1,0,0,0,0,0,0,0,0,0,0,0,0,127.2013372,37.23437996
367,367,더테라스힐1차 전기차충전소,경기 용인시 수지구 동천로 344,0,24,1,1,1,1,1,1,1,1,1,1,0,0,1,1,127.0682243,37.34241718
369,369,경기 용인시 수지구 신봉1로301번길 6 (저압수용가),경기 용인시 수지구 신봉1로301번길 6,0,3,1,1,1,1,1,0,0,0,0,0,0,0,1,1,127.0561687,37.33209293
370,370,현대글로비스 전기차충전소,경기 용인시 처인구 남사읍 경기동로 316 현대리바트 내 물류창고 도크,0,24,1,9,4.5,4.5,4.5,4.5,4.5,4.5,4.5,4.5,4.5,4.5,4.5,4.5,127.1599226,37.13881302
371,371,교동마을신창아파트 전기차충전소,경기 용인시 기흥구 마북로 186,0,24,1,1,1,1,0,1,1,1,0,0,0,0,0,0,127.1267807,37.30545903
372,372,신정마을9단지 903동 전기차충전소,경기 용인시 수지구 풍덕천로 76,0,24,1,1,0,0,0,0,0,0,0,0,1,1,0,0,127.090878,37.31997473
373,373,만현마을10단지아파트 전기차충전소,경기 용인시 수지구 상현로 142 1002동쪽 지하 1층 32번 ~ 33번 기둥 주변 6대,6,24,1,6,5,5,5,4,4,3,2,3,2,2,3,4,127.0850953,37.31074901
374,374,한국지엠명지서비스 전기차충전소,경기 용인시 처인구 명지로 254,0,24,1,1,0,0,0,0,0,0,0,0,0,0,0,0,127.2022325,37.22695958
375,375,수지현대성우3차아파트 전기차충전소,경기 용인시 수지구 상현로 88 284동 지하2층,5,24,1,5,2,1,1,1,0,0,0,0,1,1,1,1,127.083431,37.3032525
376,376,용인LG자이1단지 전기차충전소,경기 용인시 기흥구 보정로 88,3,24,1,3,0,0,0,0,0,0,0,1,0,0,0,0,127.1160373,37.31756535
377,377,스테이타워 전기차충전소,경기 용인시 기흥구 중부대로 382,0,9,1,1,0.5,0.5,0.5,0.5,0.5,0.5,0.5,0.5,0.5,0.5,0.5,0.5,127.1094185,37.2716631
378,378,심곡마을광교힐스테이트 전기차충전소,경기 용인시 수지구 수지로 75,6,24,1,4,2,2,2,2,2,2,2,2,2,2,2,2,127.0727258,37.3090507
379,379,용인행정타운 두산위브2단지 전기차충전소,경기 용인시 처인구 지삼로590번길 9 두산위브2단지아파트 지하주차장,8,24,1,8,4,4,4,4,4,4,4,4,4,4,4,4,127.1673544,37.24045229
380,380,경기용인 대명레이크빌아파트 1 전기차충전소,경기 용인시 기흥구 덕영대로2077번길 55,2,24,1,2,0,0,0,0,0,0,0,0,0,0,0,0,127.0922127,37.26533902
381,381,진산마을삼성래미안7차아파트5 전기차충전소,경기 용인시 수지구 진산로34번길 29,0,24,1,1,0,0,0,0,0,0,0,0,0,0,0,0,127.0958818,37.31520422
382,382,경기용인 물푸레마을경남아너스빌아파트1,경기 용인시 기흥구 구성로 470 402동 지하2층,2,24,1,2,1,1,1,0,0,0,0,0,0,0,0,0,127.1536015,37.29708709
383,383,기흥힉스유타워아파트 전기차충전소,경기 용인시 기흥구 중부대로 184,5,24,1,5,3,3.75,3.75,5,3.75,1.25,0,0,0,0,2.5,1.25,127.0906894,37.26916133
384,384,만현마을 롯데캐슬1 전기차충전소,경기 용인시 수지구 만현로 25,4,24,1,4,3,3,1,0,0,0,1,0,0,0,0,1,127.0900731,37.31121783
385,385,기아 신갈지점 전기차충전소,경기 용인시 기흥구 용구대로 2253,2,9,1,2,0,0,0,0,0,0,0,0,0,0,0,0,127.1081276,37.28808275
386,386,동백금호어울림타운하우스 전기차충전소,경기 용인시 기흥구 동백4로 27 B1F B05,0,24,1,1,0.5,0.5,0.5,0.5,0.5,0.5,0.5,0.5,0.5,0.5,0.5,0.5,127.1539595,37.27272138
387,387,수원동마을쌍용스윗닷홈2단지 전기차충전소,경기 용인시 기흥구 중부대로788번길 15 B1F 09,0,24,1,2,1,1,1,1,1,1,1,1,1,1,1,1,127.1412527,37.2561441
389,389,모현읍행정복지센터 전기차충전소,경기 용인시 처인구 모현읍 갈담리 309,0,24,1,1,0.5,0.5,0.5,0.5,0.5,0.5,0.5,0.5,0.5,0.5,0.5,0.5,127.2424978,37.32945525
390,390,기흥역롯데캐슬레이시티 B동 전기차충전소,경기 용인시 기흥구 기흥역로 9 B동 BF4,3,24,1,3,2,2,3,3,2,2,0,2,1,1,1,1,127.1153373,37.27482184
391,391,이마트 죽전점 전기차충전소,경기 용인시 수지구 포은대로 552 본관 3층 B1구역,2,14,1,2,0,0,0,0,0,0,0,1,1,1,0,0,127.1099743,37.32533399
392,392,송전마을세광엔리치타워 전기차충전소,경기 용인시 처인구 이동읍 경기동로705번길 30,10,24,1,10,4,4,4,4,3,1,2,2,2,2,3,4,127.2011481,37.13941323
393,393,래미안이스트팰리스3단지아파트 전기차충전소,경기 용인시 수지구 동천로135번길 21 F1 008,0,24,1,2,1,1,1,1,1,1,1,1,1,1,1,1,127.0874245,37.33402929
394,394,민속마을 쌍용아파트 2 전기차충전소,경기 용인시 기흥구 사은로126번길 10,2,24,1,2,1,1,0,0,0,0,0,0,1,1,0,0,127.1175604,37.25168658
395,395,신동백두산위브더제니스상가 전기차충전소,경기 용인시 기흥구 동백죽전대로 507,0,24,1,2,0,0,0,0,0,0,0,0,0,0,0,0,127.1506085,37.28302466
396,396,더테라스힐2차 전기차충전소,경기 용인시 수지구 동천로 344,0,24,1,1,0,0,0,0,0,0,0,0,0,0,0,0,127.0682243,37.34241718
397,397,서천마을1단지 전기차충전소,경기 용인시 기흥구 서천서로 27 P1주차장 지하1층 055,5,24,1,3,1.5,1.5,1.5,1.5,1.5,1.5,1.5,1.5,1.5,1.5,1.5,1.5,127.0713145,37.24006431
398,398,극동임광아파트입주자대표회의 전기차충전소,경기 용인시 수지구 정평로 73,4,24,1,4,2,2,3,3,3,1,1,1,1.333333333,1.333333333,2,2,127.0891961,37.32254431
399,399,만현마을8단지두산위브아파트802동,경기 용인시 수지구 만현로 127,3,24,1,3,0,0,0,0,0,0,0,0,0,0,1,2,127.0877119,37.3045669
400,400,광교경남아너스빌 전기차충전소,경기 용인시 수지구 광교마을로 2,6,24,1,4,2,2,2,2,2,2,2,2,2,2,2,2,127.0674322,37.29858353
401,401,현대파인빌리지 202동 전기차충전소,경기 용인시 수지구 이현로 105,0,24,1,1,0,0,0,0,0,0,0,0,0,0,0,0,127.0924254,37.31145588
402,402,용인시청 전기차충전소,경기 용인시 처인구 중부대로 1199 지하1층 주차장 가03 기둥옆,4,24,1,4,2,2,2,2,2,0,0,0,0,0,0,0,127.1779684,37.24086733
403,403,어정마을 서희삼정아파트 전기차충전소,경기 용인시 기흥구 언동로 193-26,10,24,1,10,5,5,5,5,5,5,5,5,5,5,5,5,127.1446221,37.2793066
404,404,서천2차아이파크605동 전기차충전소,경기 용인시 기흥구 서천동로21번길 11-22,5,24,1,5,1,1,0,0,1,0,0,1,0,0,1,2,127.0768054,37.24043868
405,405,초당마을현진에버빌5201동 전기차충전소,경기 용인시 기흥구 동백중앙로 73,3,24,1,3,2,2,1,0,0,1,1,2,0,0,2,2,127.1598553,37.26253136
406,406,한보라9단지 전기차충전소,경기 용인시 기흥구 한보라2로 167,6,16,1,7,2,1,1,0,0,1,0,1,0,0,0,0,127.1079177,37.24237257
407,407,벽산첼시빌2아파트9 전기차충전소,경기 용인시 수지구 성복1로 107,0,24,1,1,0,0,0,0,0,0,0,0,0,0,0,0,127.0653837,37.31472754
408,408,오토허브 전기차충전소,경기 용인시 기흥구 중부대로 242,0,11,1,1,0,0,0,0,0,0,0,1,0,0,1,0,127.0932438,37.26946876
409,409,금화마을주공5단지아파트 전기차충전소,경기 용인시 기흥구 금화로82번길 17,9,24,1,9,1,0,0,0,0,0,0,0,1,1,0,0,127.111793,37.26619445
410,410,신흥덕롯데캐슬레이시티5 전기차충전소,경기 용인시 기흥구 신정로 25 지하3층 162번 기둥,9,24,1,9,0,0,0,0,0,0,0,0,0,0,0,0,127.1014314,37.27309548
411,411,남사읍행정복지센터 전기차충전소,경기 용인시 처인구 남사읍 내기로 22 지상1층주차장,0,24,1,1,0,0,0,1,0,0,0,0,0,0,1,0,127.1505036,37.11568157
412,412,경기 용인시 수지구 신봉1로172번길 38 (저압수용가),경기 용인시 수지구 신봉1로172번길 38,0,9,1,1,0,0,0,0,0,0,0,0,0,0,0,0,127.0708176,37.33104266
413,413,용인시 내대지마을진흥더블파크 전기차충전소,경기 용인시 수지구 죽전로254번길 29,6,24,1,6,0,0,0,0,0,0,0,0,0,0,0,0,127.1316079,37.33324279
414,414,벽산첼시빌2차아파트1 전기차충전소,경기 용인시 수지구 성복1로 107,2,24,1,2,0,0,0,0,0,0,0,0,0,0,0,0,127.0653837,37.31472754
415,415,용인시 용인수하림 전기차충전소,경기 용인시 처인구 포곡읍 석성로 1051,0,24,1,1,1,1,0,0,0,0,0,0,0,0,0,0,127.2124097,37.27475045
416,416,삼익아파트 전기차충전소,경기 용인시 기흥구 신갈로124번길 3 101동 B2,5,24,1,5,1.666666667,0,0,0,0,0,0,0,0,0,1.666666667,3.333333333,127.106076,37.27836664
417,417,벽산첼시빌2차아파트2 전기차충전소,경기 용인시 수지구 성복1로 107 502동 P2주차장 B1 6번기둥,3,24,1,3,1,0,0,0,0,0,0,0,0,0,1,1,127.0653837,37.31472754
418,418,성동마을LG빌리지6차아파트 6 전기차충전소,경기 용인시 수지구 성복2로 158,2,24,1,2,0,0,0,0,0,0,1,0,0,0,0,1,127.0708408,37.31913154
419,419,성북역서희스타힐스 전기차충전소,경기 용인시 수지구 성복1로 80,2,24,1,2,2,2,1,1,1,1,1,1,0,0,1,1,127.071268,37.31567266
420,420,현대필그린아파트 전기차충전소,경기 용인시 기흥구 마북로 139 105동 지하 2층,8,24,1,8,4,4,4,4,4,4,4,4,4,4,4,4,127.1202395,37.30276013
421,421,역북신원아침도시아파트 전기차충전소,경기 용인시 처인구 낙은로 11,3,24,1,3,1,1,1,1,1,1,1,0,0,0,0,0,127.1973178,37.23857046
422,422,도담마을7단지뜨리에체아파트 전기차충전소,경기 용인시 수지구 푸른솔로 49,5,24,1,5,2,2,2,2,2,2,0,0,1,1,1,1,127.1150845,37.324765
423,423,참솔마을 월드메르디앙아파트 전기차충전소,경기 용인시 기흥구 동백죽전대로 283 지하1층,5,24,1,5,3,3,1,1,0,1.666666667,0,0,0,0,1,1,127.1539545,37.26330443
424,424,총신대학교 신학대학원 전기차충전소,경기 용인시 처인구 양지면 학촌로 110,2,24,1,2,1,1,1,1,1,1,1,1,1,1,1,1,127.3001085,37.24860492
425,425,성동마을엘지빌리지1차 전기차충전소,경기 용인시 수지구 성복2로 86,5,24,1,5,1,1,0,0,0,1,2,1,0,0,1,1,127.0752888,37.31695333
426,426,메종블루아 103동 전기차충전소,경기 용인시 기흥구 동탄기흥로785번길 32,0,24,1,1,0,0,0,0,0,0,0,0,0,0,0,1,127.0983919,37.22863378
427,427,두진아파트 전기차충전소,경기 용인시 기흥구 덕영대로2077번길 8,4,24,1,4,1,1,0,0,0,0,1,0,0,0,2,2,127.0958552,37.26903346
428,428,연원마을삼성명가타운-108동 전기차충전소,경기 용인시 기흥구 용구대로 2460,3,24,1,3,0,0,0,0,0,0,0,0,0,0,1,1,127.1073057,37.30497344
429,429,풍덕천2동주민센터 전기차충전소,경기 용인시 수지구 풍덕천로 51,0,9,1,1,1,0,0,0,0,1,0,0,0,0,0,0,127.0887777,37.31946228
430,430,갈현현대홈타운505동 전기차충전소,경기 용인시 기흥구 관곡로 16,2,24,1,2,1,1,0,0,0,0,1,1,1,1,1,1,127.1065511,37.281157
431,431,신봉자이1차1 전기차충전소,경기 용인시 수지구 신봉2로 26 지하1층,3,24,1,3,1,1,1,1,1,1,2,2,1,1,2,2,127.0776994,37.32544555
432,432,단국대학교 죽전캠퍼스 전기차충전소,경기 용인시 수지구 죽전로 152,6,24,1,4,2,2,2,2,2,0,2,2,2,2,2,2,127.1325359,37.32119387
433,433,신정마을현대프라임3 전기차충전소,경기 용인시 수지구 정평로 89,3,24,1,3,0,0,0,0,0,0,0,0,0,0,2,1,127.089396,37.32341897
434,434,휴맥스이브이 영문공장 전기차충전소,경기 용인시 처인구 영문로 2,0,24,1,4,2,2,2,2,2,2,2,2,2,2,2,2,127.2110634,37.26772259
435,435,LG빌리지6차아파트612동 전기차충전소,경기 용인시 수지구 성복2로 158,2,24,1,2,2,2,2,2,2,1,0,0,0,0,0,0,127.0708408,37.31913154
436,436,삼성래미안아파트 전기차충전소,경기 용인시 기흥구 한보라1로64번길 22,4,12,1,4,0,0,0,0,0,0,0,0,0,0,0,0,127.1068064,37.25231939
437,437,신봉자이2차2 전기차충전소,경기 용인시 수지구 신봉2로 72 지하1층,6,24,1,6,3,3,3,3,2,1,1,0,1,1,2,2,127.0730062,37.3285206
438,438,메종블루아 102동 전기차충전소,경기 용인시 기흥구 동탄기흥로785번길 31,0,24,1,1,0,0,0,0,0,0,0,0,0,0,0,0,127.0982709,37.2278552
439,439,예아리박물관 전기차충전소,경기 용인시 처인구 백암면 원설로270번길 25,2,9,1,2,1,1,1,1,1,1,1,1,1,1,1,1,127.3642612,37.14132389
440,440,벽산첼시빌2차아파트8 전기차충전소,경기 용인시 수지구 성복1로 107,3,24,1,3,0,0,0,0,0,0,0,0,0,0,1,0,127.0653837,37.31472754
441,441,교동마을LG자이아파트 전기차충전소,경기 용인시 기흥구 마북로 182 제2지하주차장 지하1층 기둥 6,12,24,1,12,0,0,0,0,3,0,0,0,3,3,6,6,127.1265208,37.30460521
442,442,효성해링턴플레이스5 B5 전기차충전소,경기 용인시 기흥구 덕영대로2077번길 33,5,24,1,5,1,1,1,1,0,0,0,0,0,0,0,0,127.0956987,37.26648211
443,443,자봉마을써니밸리아파트1 전기차충전소,경기 용인시 기흥구 사은로 274-22,3,24,1,3,0,0,0,0,0,0,0,0,0,0,0,0,127.1342596,37.2507075
444,444,초당마을현진에버빌 5204동 전기차충전소,경기 용인시 기흥구 동백중앙로 73,2,24,1,2,1,1,0,0,0,0,1,2,1,1,1,0,127.1598553,37.26253136
446,446,임원마을영화1차1 전기차충전소,경기 용인시 처인구 경안천로256번길 47-16,2,24,1,2,1,0,0,0,0,0,0,0,0,0,2,2,127.2268275,37.25347817
447,447,성산마을신영지웰아파트4 전기차충전소,경기 용인시 기흥구 동백5로 41,4,24,1,4,1.333333333,4,4,4,4,1.333333333,2.666666667,2.666666667,0,0,1.333333333,2.666666667,127.1548905,37.2759194
449,449,벽산4단지아파트 전기차충전소,경기 용인시 수지구 용구대로2801번길 41,6,9,1,6,1,1,1,1,1,1,1,1,0,0,1,3,127.1047376,37.33428464
450,450,경기용인 수지센트럴아이파크2주차장,경기 용인시 수지구 상현로 101,2,24,1,2,0,0,0,0,0,0,0,0,0,0,0,0,127.0833161,37.30762081
451,451,경기용인 광교마을45단지1 전기차충전소,경기 용인시 수지구 광교마을로 11,4,24,1,4,1,1,0,0,0,0,0,0,0,0,3,4,127.0634898,37.29807834
452,452,용인 (주)선진하우징(골든풍산리치안오피스텔),경기 용인시 수지구 광교중앙로296번길 4,2,24,1,2,1,1,1,1,1,1,1,1,1,1,1,1,127.0696362,37.2960425
453,453,강남마을한라비발디 전기차충전소,경기 용인시 기흥구 강남동로 128,10,24,1,10,3,3,3,3,2,1,1,2,2,2,5,6,127.1371749,37.27643214
454,454,피엘웍스 전기차충전소,경기 용인시 기흥구 한일로 12-18,2,24,1,2,0,0,0,0,0,0,0,0,0,0,0,0,127.1030423,37.24489353
455,455,만현마을8단지두산위브아파트807동,경기 용인시 수지구 만현로 127,3,24,1,3,1,1,0,0,0,0,0,0,0,0,1,1,127.0877119,37.3045669
456,456,물푸레마을경남아너스빌아파트2 전기차충전소,경기 용인시 기흥구 구성로 470 403동 지하1층,0,24,1,1,1,1,0,0,0,0,0,0,0,0,0,0,127.1536015,37.29708709
457,457,동천마을현대2차홈타운 전기차충전소,경기 용인시 수지구 동천로63번길 10 제2주차장 B1F D117,4,24,1,4,2,2,2,2,2,2,2,2,2,2,2,2,127.0973566,37.33846244
458,458,광교푸르지오시티3단지 전기차충전소,경기 용인시 수지구 광교중앙로296번길 14 지하3층주차장,3,24,1,3,0,0,0,0,0,0,0,0,0,0,0,0,127.0701725,37.29713604
459,459,수지푸르지오월드마크아파트 전기차충전소,경기 용인시 수지구 포은대로 467 지하3층 C06,5,24,1,5,0,0,0,0,0,0,0,,2,2,0,1,127.1008176,37.3236037
460,460,기흥벽산블루밍아파트 전기차충전소,경기 용인시 기흥구 고매로43번길 32-2,2,24,1,2,0,1,2,0,0,0,0,,0,0,0,0,127.1175449,37.23250182
461,461,역북2단지우남퍼스트빌 전기차충전소,경기 용인시 처인구 낙은로 59,5,24,1,5,5,5,5,3,1,2,3,4,4,4,4,3,127.1966794,37.24152361
462,462,금화마을주공4단지1 전기차충전소,경기 용인시 기흥구 금화로58번길 10,2,24,1,2,0,0,0,0,0,0,0,1,0,0,1,1,127.1095185,37.26216144
463,463,수원동마을쌍용아파트 전기차충전소,경기 용인시 기흥구 중부대로788번길 20,10,24,1,10,8,8,8,7,4,3,3,4,3,3,5,6,127.1371117,37.25743565
464,464,어정마을동백아이파크 전기차충전소,경기 용인시 기흥구 언동로217번길 11,5,24,1,5,0,0,0,0,0,1,0,0,0,0,0,1,127.1447356,37.27710009
465,465,벨라팰리스 전기차충전소,경기 용인시 기흥구 죽현로 94,2,14,1,2,2,2,2,2,1,1,0,0,0,0,0,0,127.1206122,37.31927382
466,466,꽃메마을금강아파트 전기차충전소,경기 용인시 수지구 죽전로27번길 14-31,3,24,1,3,1.5,1.5,1.5,1.5,1.5,1.5,1.5,1.5,1.5,1.5,1.5,1.5,127.1145643,37.32252553
467,467,금화마을주공4단지3 전기차충전소,경기 용인시 기흥구 금화로58번길 10,2,24,1,2,0,0,0,0,0,1,1,,1,1,0,1,127.1095185,37.26216144
468,468,흥덕마을5단지호반베르디움 전기차충전소,경기 용인시 기흥구 흥덕1로79번길 37,6,24,1,4,2,2,2,2,2,2,2,,2,2,2,2,127.0705934,37.27797557
469,469,성산마을카운티스 전기차충전소,"경기 용인시 기흥구 동백2로 108 1층 주차장 휴게실 앞, 지하1층 101동 1-2라인",6,24,1,6,3,6,3,3,0,0,0,,3,3,0,0,127.1583776,37.27320536
470,470,교동마을필그린아파트 전기차충전소,"경기 용인시 기흥구 마북로 139 P1 B2 101동 1,2라인 / P1 B2 101동 3,4라인 / P3,P5 B1 / P2,P3,P5,P6 B2/ P6 B3",18,24,1,18,3.6,2.25,0,0,0,0,0,,0,0,3,1.058823529,127.1202395,37.30276013
471,471,광교푸르지오시티2단지 전기차충전소,경기 용인시 수지구 광교중앙로296번길 22 지하3층주차장,3,24,1,3,0,0,0,0,0,0,1,,0,0,0,0,127.0703286,37.29767855
472,472,KB증권연수원 전기차충전소,경기 용인시 기흥구 마북로240번길 17,5,24,1,5,2.5,2.5,2.5,2.5,2.5,2.5,2.5,,2.5,2.5,2.5,2.5,127.1348434,37.30982761
473,473,광교마을45단지3 전기차충전소,경기 용인시 수지구 광교마을로 11,3,24,1,3,2,2,2,1,1,1,0,,0,0,3,3,127.0634898,37.29807834
474,474,만현마을롯데캐슬3 전기차충전소,경기 용인시 수지구 만현로 25,4,24,1,4,0,1,1,0,0,0,0,0,0,0,2,3,127.0900731,37.31121783
475,475,녹원마을새천년그린빌4단지-2 전기차충전소,경기 용인시 기흥구 새천년로 38,2,9,1,2,1,0,0,0,0,0,0,0,0,0,1,2,127.113492,37.28907933
476,476,흥덕마을14단지호반베르디움 전기차충전소,경기 용인시 기흥구 흥덕3로 60,5,24,1,5,1,0,1,1.25,1.25,1,0,0,0,0,1,0,127.0828686,37.27366019
477,477,동백동원로얄듀크 P2주차장 전기차충전소,경기 용인시 기흥구 동백죽전대로 455-17,3,24,1,3,0,0,0,0,0,0,0,0,0,0,0,0,127.1484111,37.27979793
479,479,신봉엘지자이1차 전기차충전소,경기 용인시 수지구 신봉2로 26 지하1층 18,6,24,1,4,2,2,2,2,2,2,2,2,2,2,2,2,127.0776994,37.32544555
480,480,동백중앙프라자상가 전기차충전소,경기 용인시 기흥구 동백7로 83,5,24,1,5,2.5,2.5,2.5,2.5,2.5,2.5,2.5,2.5,2.5,2.5,2.5,2.5,127.1603956,37.28168512
481,481,용인흥덕34단지아파트관리사무소,경기 용인시 기흥구 흥덕2로 80,6,24,1,6,3,3,3,3,3,3,3,3,3,3,3,3,127.0746405,37.27482702
482,482,그대가크레던스아파트 전기차충전소,경기 용인시 기흥구 어정로 62-28,10,24,1,10,4,4,4,4,1,1,0,1,0,0,2,2,127.135602,37.26787641
483,483,지석마을진흥더루벤스1단지_1 전기차충전소,경기 용인시 기흥구 중부대로746번길 20,2,24,1,2,1,1,1,1,0,0,0,0,0,0,0,0,127.1367817,37.26061924
484,484,경기도 용인시 기흥구 동백중앙로54번길 6-37,경기 용인시 기흥구 동백중앙로54번길 6-37,0,9,1,1,0,0,0,0,0,0,0,0,0,0,0,0,127.163192,37.26150962
485,485,경기용인 신봉동부센트레빌6단지 606동,경기 용인시 수지구 신봉1로 216,3,24,1,3,1,1,1,0,1,1,1,0,0,0,0,1,127.0649217,37.33318203
486,486,기흥SK아펠바움콘도미니엄 전기차충전소,경기 용인시 기흥구 기흥단지로 394,3,24,1,3,1.5,1.5,1.5,1.5,1.5,1.5,1.5,1.5,1.5,1.5,1.5,1.5,127.1331254,37.21756578
487,487,벽산첼시빌2차아파트4 전기차충전소,경기 용인시 수지구 성복1로 107,2,24,1,2,1,1,1,0,0,0,0,0,0,0,0,1,127.0653837,37.31472754
488,488,상록데시앙 103동 전기차충전소,경기 용인시 기흥구 보정로 26,2,24,1,2,2,2,2,1,0,0,0,0,0,0,0,1,127.1106514,37.31344297
489,489,쥬네브문월드 전기차충전소,경기 용인시 기흥구 동백5로 22,6,24,1,6,0,0,0,0,0,1.5,0,0,0,0,0,0,127.1512771,37.27585694
490,490,분당수지유타워 전기차충전소,경기 용인시 수지구 동천동 899 B4전기실앞,15,24,1,15,4,4,4,4,3,2,1,2,9,9,2,1,127.1016828,37.33821526
491,491,성동마을LG빌리지6차아파트3 전기차충전소,경기 용인시 수지구 성복2로 158,3,24,1,3,0,0,0,0,0,0,0,0,0,0,1,0,127.0708408,37.31913154
492,492,양현마을신안풍림아파트 전기차충전소,경기 용인시 기흥구 산양로 17,4,24,1,4,2,2,2,2,2,2,2,2,2,2,2,2,127.1064469,37.28487054
493,493,기흥써니밸리아파트 전기차충전소,경기 용인시 기흥구 고매로 16,0,9,1,1,0,0,0,0,0,0,0,0,0,0,0,0,127.1109578,37.23120688
494,494,용인 보뜨랑마을벽산블루밍아파트,경기 용인시 수지구 신수로783번길 50,0,24,1,1,1,1,1,1,0,1,1,1,0,0,0,0,127.098796,37.34254436
495,495,용인 성원상떼빌 1-3주차장 전기차충전소,경기 용인시 수지구 진산로 24,3,24,1,3,2,2,2,2,0,0,0,0,0,0,0,0,127.0927926,37.3141395
496,496,꽃메마을극동스타클래스 전기차충전소,경기 용인시 수지구 죽전로 116,3,24,1,3,0,0,0,0,0,0,0,0,0,0,0,0,127.1218478,37.32290021
497,497,수지금호베스트빌디에듀2주차장 전기차충전소,경기 용인시 수지구 상현로 59,2,24,1,2,1,1,0,0,0,0,0,0,1,1,0,0,127.0790725,37.30545087
498,498,도담마을우미이노스빌1차 전기차충전소,경기 용인시 수지구 푸른솔로 88 P1 21,0,24,1,1,0.5,0.5,0.5,0.5,0.5,0.5,0.5,0.5,0.5,0.5,0.5,0.5,127.1198924,37.32591697
499,499,구성역 효성해링턴플레이스 전기차충전소,"경기 용인시 기흥구 구성로53번길 20 지하1층 A17,A19",2,24,1,2,1,1,1,1,1,1,1,1,1,1,1,1,127.1159907,37.29672247
